episode,step,action,balance,position_value,total_rewards
1,1,"(8, 3)",20000.0,80000.0,0.0
1,2,"(7, 2)",8000.0,12000.0,0.0
1,3,"(4, 3)",1600.0,6400.0,0.0
1,4,"(5, 4)",0.0,1600.0,0.0
1,5,"(3, 3)",0.0,0.0,0.0
1,6,"(9, 3)",0.0,0.0,0.0
1,7,"(3, 4)",0.0,0.0,0.0
1,8,"(5, 0)",0.0,0.0,0.0
1,9,"(0, 3)",0.0,0.0,0.0
1,10,"(0, 0)",0.0,0.0,0.0
1,11,"(3, 2)",0.0,0.0,0.0
1,12,"(1, 1)",0.0,0.0,0.0
1,13,"(7, 2)",0.0,0.0,0.0
1,14,"(9, 2)",0.0,0.0,0.0
1,15,"(8, 2)",0.0,0.0,0.0
1,16,"(8, 0)",0.0,0.0,0.0
1,17,"(9, 3)",0.0,0.0,0.0
1,18,"(9, 3)",0.0,0.0,0.0
1,19,"(9, 0)",0.0,0.0,0.0
1,20,"(0, 4)",0.0,0.0,0.0
1,21,"(6, 2)",0.0,0.0,0.0
1,22,"(7, 1)",0.0,0.0,0.0
1,23,"(3, 0)",0.0,0.0,0.0
1,24,"(7, 1)",0.0,0.0,0.0
1,25,"(1, 4)",0.0,0.0,0.0
1,26,"(7, 1)",0.0,0.0,0.0
1,27,"(0, 2)",0.0,0.0,0.0
1,28,"(6, 3)",0.0,0.0,0.0
1,29,"(0, 2)",0.0,0.0,0.0
1,30,"(3, 2)",0.0,0.0,0.0
1,31,"(0, 1)",0.0,0.0,0.0
1,32,"(2, 4)",0.0,0.0,0.0
1,33,"(5, 3)",0.0,0.0,0.0
1,34,"(2, 0)",0.0,0.0,0.0
1,35,"(3, 1)",0.0,0.0,0.0
1,36,"(0, 2)",0.0,0.0,0.0
1,37,"(7, 0)",0.0,0.0,0.0
1,38,"(7, 1)",0.0,0.0,0.0
1,39,"(5, 0)",0.0,0.0,0.0
1,40,"(7, 4)",0.0,0.0,0.0
1,41,"(3, 1)",0.0,0.0,0.0
1,42,"(0, 2)",0.0,0.0,0.0
1,43,"(4, 3)",0.0,0.0,0.0
1,44,"(5, 4)",0.0,0.0,0.0
1,45,"(3, 0)",0.0,0.0,0.0
1,46,"(1, 0)",0.0,0.0,0.0
1,47,"(6, 2)",0.0,0.0,0.0
1,48,"(3, 2)",0.0,0.0,0.0
1,49,"(5, 0)",0.0,0.0,0.0
1,50,"(1, 1)",0.0,0.0,0.0
1,51,"(1, 4)",0.0,0.0,0.0
1,52,"(1, 1)",0.0,0.0,0.0
1,53,"(3, 0)",0.0,0.0,0.0
1,54,"(5, 0)",0.0,0.0,0.0
1,55,"(4, 1)",0.0,0.0,0.0
1,56,"(5, 4)",0.0,0.0,0.0
1,57,"(0, 0)",0.0,0.0,0.0
1,58,"(4, 1)",0.0,0.0,0.0
1,59,"(2, 3)",0.0,0.0,0.0
1,60,"(2, 4)",0.0,0.0,0.0
1,61,"(8, 2)",0.0,0.0,0.0
1,62,"(6, 0)",0.0,0.0,0.0
1,63,"(3, 3)",0.0,0.0,0.0
1,64,"(1, 2)",0.0,0.0,0.0
1,65,"(9, 0)",0.0,0.0,0.0
1,66,"(5, 2)",0.0,0.0,0.0
1,67,"(7, 0)",0.0,0.0,0.0
1,68,"(3, 0)",0.0,0.0,0.0
1,69,"(1, 1)",0.0,0.0,0.0
1,70,"(3, 0)",0.0,0.0,0.0
1,71,"(5, 4)",0.0,0.0,0.0
1,72,"(1, 0)",0.0,0.0,0.0
1,73,"(1, 3)",0.0,0.0,0.0
1,74,"(1, 1)",0.0,0.0,0.0
1,75,"(9, 0)",0.0,0.0,0.0
1,76,"(6, 1)",0.0,0.0,0.0
1,77,"(3, 0)",0.0,0.0,0.0
1,78,"(3, 4)",0.0,0.0,0.0
1,79,"(9, 1)",0.0,0.0,0.0
1,80,"(1, 2)",0.0,0.0,0.0
1,81,"(0, 4)",0.0,0.0,0.0
1,82,"(6, 0)",0.0,0.0,0.0
1,83,"(6, 1)",0.0,0.0,0.0
1,84,"(6, 2)",0.0,0.0,0.0
1,85,"(1, 1)",0.0,0.0,0.0
1,86,"(0, 3)",0.0,0.0,0.0
1,87,"(6, 1)",0.0,0.0,0.0
1,88,"(5, 0)",0.0,0.0,0.0
1,89,"(3, 1)",0.0,0.0,0.0
1,90,"(7, 4)",0.0,0.0,0.0
1,91,"(8, 2)",0.0,0.0,0.0
1,92,"(0, 2)",0.0,0.0,0.0
1,93,"(5, 4)",0.0,0.0,0.0
1,94,"(5, 1)",0.0,0.0,0.0
1,95,"(8, 3)",0.0,0.0,0.0
1,96,"(8, 0)",0.0,0.0,0.0
1,97,"(7, 3)",0.0,0.0,0.0
1,98,"(1, 4)",0.0,0.0,0.0
1,99,"(2, 0)",0.0,0.0,0.0
1,100,"(9, 0)",0.0,0.0,0.0
1,101,"(2, 0)",0.0,0.0,0.0
1,102,"(9, 0)",0.0,0.0,0.0
1,103,"(3, 3)",0.0,0.0,0.0
1,104,"(6, 1)",0.0,0.0,0.0
1,105,"(5, 1)",0.0,0.0,0.0
1,106,"(0, 1)",0.0,0.0,0.0
1,107,"(8, 2)",0.0,0.0,0.0
1,108,"(8, 4)",0.0,0.0,0.0
1,109,"(3, 1)",0.0,0.0,0.0
1,110,"(7, 4)",0.0,0.0,0.0
1,111,"(8, 3)",0.0,0.0,0.0
1,112,"(5, 1)",0.0,0.0,0.0
1,113,"(2, 2)",0.0,0.0,0.0
1,114,"(9, 3)",0.0,0.0,0.0
1,115,"(9, 2)",0.0,0.0,0.0
1,116,"(7, 4)",0.0,0.0,0.0
1,117,"(6, 1)",0.0,0.0,0.0
1,118,"(2, 4)",0.0,0.0,0.0
1,119,"(3, 3)",0.0,0.0,0.0
1,120,"(0, 4)",0.0,0.0,0.0
1,121,"(2, 0)",0.0,0.0,0.0
1,122,"(8, 2)",0.0,0.0,0.0
1,123,"(0, 1)",0.0,0.0,0.0
1,124,"(3, 4)",0.0,0.0,0.0
1,125,"(3, 3)",0.0,0.0,0.0
1,126,"(9, 3)",0.0,0.0,0.0
1,127,"(3, 1)",0.0,0.0,0.0
1,128,"(6, 3)",0.0,0.0,0.0
1,129,"(7, 1)",0.0,0.0,0.0
1,130,"(3, 0)",0.0,0.0,0.0
1,131,"(2, 0)",0.0,0.0,0.0
1,132,"(5, 3)",0.0,0.0,0.0
1,133,"(6, 3)",0.0,0.0,0.0
1,134,"(0, 1)",0.0,0.0,0.0
1,135,"(7, 4)",0.0,0.0,0.0
1,136,"(2, 0)",0.0,0.0,0.0
1,137,"(9, 0)",0.0,0.0,0.0
1,138,"(5, 2)",0.0,0.0,0.0
1,139,"(7, 3)",0.0,0.0,0.0
1,140,"(6, 2)",0.0,0.0,0.0
1,141,"(9, 1)",0.0,0.0,0.0
1,142,"(6, 0)",0.0,0.0,0.0
1,143,"(4, 3)",0.0,0.0,0.0
1,144,"(2, 3)",0.0,0.0,0.0
1,145,"(4, 3)",0.0,0.0,0.0
1,146,"(5, 4)",0.0,0.0,0.0
1,147,"(8, 3)",0.0,0.0,0.0
1,148,"(1, 1)",0.0,0.0,0.0
1,149,"(9, 0)",0.0,0.0,0.0
1,150,"(3, 2)",0.0,0.0,0.0
1,151,"(5, 1)",0.0,0.0,0.0
1,152,"(1, 4)",0.0,0.0,0.0
1,153,"(3, 2)",0.0,0.0,0.0
1,154,"(0, 4)",0.0,0.0,0.0
1,155,"(6, 2)",0.0,0.0,0.0
1,156,"(1, 0)",0.0,0.0,0.0
1,157,"(1, 3)",0.0,0.0,0.0
1,158,"(6, 0)",0.0,0.0,0.0
1,159,"(1, 2)",0.0,0.0,0.0
1,160,"(4, 0)",0.0,0.0,0.0
1,161,"(3, 3)",0.0,0.0,0.0
1,162,"(7, 2)",0.0,0.0,0.0
1,163,"(7, 4)",0.0,0.0,0.0
1,164,"(1, 0)",0.0,0.0,0.0
1,165,"(3, 3)",0.0,0.0,0.0
1,166,"(1, 2)",0.0,0.0,0.0
1,167,"(8, 0)",0.0,0.0,0.0
1,168,"(2, 1)",0.0,0.0,0.0
1,169,"(1, 3)",0.0,0.0,0.0
1,170,"(0, 2)",0.0,0.0,0.0
1,171,"(1, 4)",0.0,0.0,0.0
1,172,"(1, 3)",0.0,0.0,0.0
1,173,"(6, 1)",0.0,0.0,0.0
1,174,"(6, 1)",0.0,0.0,0.0
1,175,"(6, 0)",0.0,0.0,0.0
1,176,"(4, 1)",0.0,0.0,0.0
1,177,"(3, 3)",0.0,0.0,0.0
1,178,"(7, 4)",0.0,0.0,0.0
1,179,"(0, 4)",0.0,0.0,0.0
1,180,"(7, 1)",0.0,0.0,0.0
1,181,"(8, 0)",0.0,0.0,0.0
1,182,"(2, 3)",0.0,0.0,0.0
1,183,"(4, 1)",0.0,0.0,0.0
1,184,"(8, 2)",0.0,0.0,0.0
1,185,"(6, 2)",0.0,0.0,0.0
1,186,"(5, 1)",0.0,0.0,0.0
1,187,"(7, 3)",0.0,0.0,0.0
1,188,"(3, 1)",0.0,0.0,0.0
1,189,"(9, 3)",0.0,0.0,0.0
1,190,"(8, 0)",0.0,0.0,0.0
1,191,"(5, 4)",0.0,0.0,0.0
1,192,"(2, 1)",0.0,0.0,0.0
1,193,"(9, 2)",0.0,0.0,0.0
1,194,"(7, 2)",0.0,0.0,0.0
1,195,"(5, 1)",0.0,0.0,0.0
1,196,"(1, 0)",0.0,0.0,0.0
1,197,"(5, 2)",0.0,0.0,0.0
1,198,"(9, 0)",0.0,0.0,0.0
1,199,"(1, 3)",0.0,0.0,0.0
1,200,"(5, 1)",0.0,0.0,0.0
1,201,"(7, 4)",0.0,0.0,0.0
1,202,"(4, 1)",0.0,0.0,0.0
1,203,"(1, 2)",0.0,0.0,0.0
1,204,"(2, 4)",0.0,0.0,0.0
1,205,"(8, 0)",0.0,0.0,0.0
1,206,"(5, 3)",0.0,0.0,0.0
1,207,"(0, 2)",0.0,0.0,0.0
1,208,"(9, 1)",0.0,0.0,0.0
1,209,"(9, 0)",0.0,0.0,0.0
1,210,"(3, 3)",0.0,0.0,0.0
1,211,"(9, 1)",0.0,0.0,0.0
1,212,"(0, 0)",0.0,0.0,0.0
1,213,"(9, 2)",0.0,0.0,0.0
1,214,"(2, 3)",0.0,0.0,0.0
1,215,"(8, 0)",0.0,0.0,0.0
1,216,"(1, 4)",0.0,0.0,0.0
1,217,"(3, 2)",0.0,0.0,0.0
1,218,"(0, 2)",0.0,0.0,0.0
1,219,"(7, 2)",0.0,0.0,0.0
1,220,"(3, 2)",0.0,0.0,0.0
1,221,"(4, 1)",0.0,0.0,0.0
1,222,"(2, 3)",0.0,0.0,0.0
1,223,"(3, 4)",0.0,0.0,0.0
1,224,"(2, 1)",0.0,0.0,0.0
1,225,"(6, 2)",0.0,0.0,0.0
1,226,"(4, 4)",0.0,0.0,0.0
1,227,"(3, 1)",0.0,0.0,0.0
1,228,"(5, 2)",0.0,0.0,0.0
1,229,"(7, 1)",0.0,0.0,0.0
1,230,"(4, 0)",0.0,0.0,0.0
1,231,"(1, 4)",0.0,0.0,0.0
1,232,"(8, 0)",0.0,0.0,0.0
1,233,"(2, 3)",0.0,0.0,0.0
1,234,"(2, 4)",0.0,0.0,0.0
1,235,"(4, 4)",0.0,0.0,0.0
1,236,"(8, 3)",0.0,0.0,0.0
1,237,"(0, 1)",0.0,0.0,0.0
1,238,"(7, 0)",0.0,0.0,0.0
1,239,"(5, 4)",0.0,0.0,0.0
1,240,"(4, 1)",0.0,0.0,0.0
1,241,"(2, 1)",0.0,0.0,0.0
1,242,"(1, 0)",0.0,0.0,0.0
1,243,"(8, 4)",0.0,0.0,0.0
1,244,"(5, 1)",0.0,0.0,0.0
1,245,"(8, 1)",0.0,0.0,0.0
1,246,"(9, 2)",0.0,0.0,0.0
1,247,"(2, 4)",0.0,0.0,0.0
1,248,"(9, 2)",0.0,0.0,0.0
1,249,"(8, 2)",0.0,0.0,0.0
1,250,"(3, 1)",0.0,0.0,0.0
1,251,"(8, 0)",0.0,0.0,0.0
1,252,"(0, 0)",0.0,0.0,0.0
1,253,"(8, 1)",0.0,0.0,0.0
1,254,"(7, 0)",0.0,0.0,0.0
1,255,"(3, 0)",0.0,0.0,0.0
1,256,"(0, 0)",0.0,0.0,0.0
1,257,"(1, 0)",0.0,0.0,0.0
1,258,"(4, 4)",0.0,0.0,0.0
1,259,"(1, 0)",0.0,0.0,0.0
1,260,"(0, 3)",0.0,0.0,0.0
1,261,"(9, 2)",0.0,0.0,0.0
1,262,"(9, 4)",0.0,0.0,0.0
1,263,"(6, 4)",0.0,0.0,0.0
1,264,"(4, 3)",0.0,0.0,0.0
1,265,"(0, 1)",0.0,0.0,0.0
1,266,"(0, 3)",0.0,0.0,0.0
1,267,"(3, 0)",0.0,0.0,0.0
1,268,"(4, 3)",0.0,0.0,0.0
1,269,"(6, 1)",0.0,0.0,0.0
1,270,"(9, 4)",0.0,0.0,0.0
1,271,"(5, 1)",0.0,0.0,0.0
1,272,"(6, 3)",0.0,0.0,0.0
1,273,"(8, 4)",0.0,0.0,0.0
1,274,"(9, 3)",0.0,0.0,0.0
1,275,"(6, 1)",0.0,0.0,0.0
1,276,"(8, 4)",0.0,0.0,0.0
1,277,"(3, 0)",0.0,0.0,0.0
1,278,"(6, 3)",0.0,0.0,0.0
1,279,"(0, 2)",0.0,0.0,0.0
1,280,"(7, 2)",0.0,0.0,0.0
1,281,"(3, 1)",0.0,0.0,0.0
1,282,"(2, 3)",0.0,0.0,0.0
1,283,"(2, 4)",0.0,0.0,0.0
1,284,"(8, 1)",0.0,0.0,0.0
1,285,"(6, 1)",0.0,0.0,0.0
1,286,"(8, 2)",0.0,0.0,0.0
1,287,"(5, 1)",0.0,0.0,0.0
1,288,"(2, 4)",0.0,0.0,0.0
1,289,"(7, 3)",0.0,0.0,0.0
1,290,"(1, 0)",0.0,0.0,0.0
1,291,"(0, 0)",0.0,0.0,0.0
1,292,"(9, 4)",0.0,0.0,0.0
1,293,"(2, 2)",0.0,0.0,0.0
1,294,"(8, 4)",0.0,0.0,0.0
1,295,"(4, 1)",0.0,0.0,0.0
1,296,"(3, 3)",0.0,0.0,0.0
1,297,"(2, 0)",0.0,0.0,0.0
1,298,"(5, 2)",0.0,0.0,0.0
1,299,"(8, 0)",0.0,0.0,0.0
1,300,"(8, 0)",0.0,0.0,0.0
1,301,"(7, 2)",0.0,0.0,0.0
1,302,"(5, 4)",0.0,0.0,0.0
1,303,"(0, 4)",0.0,0.0,0.0
1,304,"(5, 0)",0.0,0.0,0.0
1,305,"(2, 0)",0.0,0.0,0.0
1,306,"(6, 0)",0.0,0.0,0.0
1,307,"(3, 2)",0.0,0.0,0.0
1,308,"(3, 2)",0.0,0.0,0.0
1,309,"(9, 3)",0.0,0.0,0.0
1,310,"(5, 1)",0.0,0.0,0.0
1,311,"(6, 0)",0.0,0.0,0.0
1,312,"(7, 1)",0.0,0.0,0.0
1,313,"(3, 3)",0.0,0.0,0.0
1,314,"(9, 0)",0.0,0.0,0.0
1,315,"(0, 0)",0.0,0.0,0.0
1,316,"(1, 0)",0.0,0.0,0.0
1,317,"(2, 1)",0.0,0.0,0.0
2,1,"(2, 4)",0.0,100000.0,0.0
2,2,"(2, 4)",0.0,0.0,0.0
2,3,"(3, 2)",0.0,0.0,0.0
2,4,"(5, 0)",0.0,0.0,0.0
2,5,"(9, 2)",0.0,0.0,0.0
2,6,"(8, 0)",0.0,0.0,0.0
2,7,"(3, 4)",0.0,0.0,0.0
2,8,"(5, 3)",0.0,0.0,0.0
2,9,"(5, 1)",0.0,0.0,0.0
2,10,"(9, 3)",0.0,0.0,0.0
2,11,"(9, 2)",0.0,0.0,0.0
2,12,"(3, 4)",0.0,0.0,0.0
2,13,"(2, 0)",0.0,0.0,0.0
2,14,"(2, 4)",0.0,0.0,0.0
2,15,"(8, 0)",0.0,0.0,0.0
2,16,"(4, 2)",0.0,0.0,0.0
2,17,"(5, 4)",0.0,0.0,0.0
2,18,"(0, 1)",0.0,0.0,0.0
2,19,"(0, 2)",0.0,0.0,0.0
2,20,"(6, 2)",0.0,0.0,0.0
2,21,"(1, 4)",0.0,0.0,0.0
2,22,"(8, 4)",0.0,0.0,0.0
2,23,"(4, 1)",0.0,0.0,0.0
2,24,"(1, 1)",0.0,0.0,0.0
2,25,"(8, 3)",0.0,0.0,0.0
2,26,"(4, 0)",0.0,0.0,0.0
2,27,"(5, 1)",0.0,0.0,0.0
2,28,"(7, 3)",0.0,0.0,0.0
2,29,"(1, 0)",0.0,0.0,0.0
2,30,"(7, 1)",0.0,0.0,0.0
2,31,"(3, 3)",0.0,0.0,0.0
2,32,"(0, 0)",0.0,0.0,0.0
2,33,"(5, 4)",0.0,0.0,0.0
2,34,"(2, 4)",0.0,0.0,0.0
2,35,"(5, 3)",0.0,0.0,0.0
2,36,"(5, 4)",0.0,0.0,0.0
2,37,"(6, 2)",0.0,0.0,0.0
2,38,"(9, 4)",0.0,0.0,0.0
2,39,"(8, 2)",0.0,0.0,0.0
2,40,"(6, 0)",0.0,0.0,0.0
2,41,"(5, 4)",0.0,0.0,0.0
2,42,"(4, 1)",0.0,0.0,0.0
2,43,"(5, 2)",0.0,0.0,0.0
2,44,"(8, 4)",0.0,0.0,0.0
2,45,"(6, 0)",0.0,0.0,0.0
2,46,"(5, 3)",0.0,0.0,0.0
2,47,"(6, 4)",0.0,0.0,0.0
2,48,"(3, 2)",0.0,0.0,0.0
2,49,"(4, 2)",0.0,0.0,0.0
2,50,"(5, 4)",0.0,0.0,0.0
2,51,"(1, 3)",0.0,0.0,0.0
2,52,"(8, 4)",0.0,0.0,0.0
2,53,"(6, 1)",0.0,0.0,0.0
2,54,"(2, 3)",0.0,0.0,0.0
2,55,"(3, 1)",0.0,0.0,0.0
2,56,"(8, 1)",0.0,0.0,0.0
2,57,"(9, 3)",0.0,0.0,0.0
2,58,"(7, 2)",0.0,0.0,0.0
2,59,"(7, 1)",0.0,0.0,0.0
2,60,"(3, 3)",0.0,0.0,0.0
2,61,"(7, 3)",0.0,0.0,0.0
2,62,"(8, 3)",0.0,0.0,0.0
2,63,"(2, 3)",0.0,0.0,0.0
2,64,"(0, 0)",0.0,0.0,0.0
2,65,"(0, 2)",0.0,0.0,0.0
2,66,"(3, 3)",0.0,0.0,0.0
2,67,"(6, 2)",0.0,0.0,0.0
2,68,"(2, 4)",0.0,0.0,0.0
2,69,"(4, 4)",0.0,0.0,0.0
2,70,"(2, 4)",0.0,0.0,0.0
2,71,"(4, 4)",0.0,0.0,0.0
2,72,"(1, 1)",0.0,0.0,0.0
2,73,"(4, 4)",0.0,0.0,0.0
2,74,"(9, 2)",0.0,0.0,0.0
2,75,"(1, 0)",0.0,0.0,0.0
2,76,"(1, 3)",0.0,0.0,0.0
2,77,"(2, 4)",0.0,0.0,0.0
2,78,"(6, 0)",0.0,0.0,0.0
2,79,"(1, 3)",0.0,0.0,0.0
2,80,"(0, 4)",0.0,0.0,0.0
2,81,"(4, 1)",0.0,0.0,0.0
2,82,"(4, 2)",0.0,0.0,0.0
2,83,"(7, 0)",0.0,0.0,0.0
2,84,"(5, 2)",0.0,0.0,0.0
2,85,"(7, 3)",0.0,0.0,0.0
2,86,"(2, 1)",0.0,0.0,0.0
2,87,"(9, 4)",0.0,0.0,0.0
2,88,"(1, 0)",0.0,0.0,0.0
2,89,"(6, 1)",0.0,0.0,0.0
2,90,"(2, 3)",0.0,0.0,0.0
2,91,"(9, 3)",0.0,0.0,0.0
2,92,"(8, 2)",0.0,0.0,0.0
2,93,"(8, 4)",0.0,0.0,0.0
2,94,"(4, 2)",0.0,0.0,0.0
2,95,"(5, 2)",0.0,0.0,0.0
2,96,"(2, 0)",0.0,0.0,0.0
2,97,"(0, 4)",0.0,0.0,0.0
2,98,"(3, 3)",0.0,0.0,0.0
2,99,"(5, 1)",0.0,0.0,0.0
2,100,"(6, 4)",0.0,0.0,0.0
2,101,"(2, 1)",0.0,0.0,0.0
2,102,"(7, 3)",0.0,0.0,0.0
2,103,"(6, 0)",0.0,0.0,0.0
2,104,"(5, 3)",0.0,0.0,0.0
2,105,"(9, 0)",0.0,0.0,0.0
2,106,"(2, 0)",0.0,0.0,0.0
2,107,"(7, 0)",0.0,0.0,0.0
2,108,"(1, 2)",0.0,0.0,0.0
2,109,"(7, 1)",0.0,0.0,0.0
2,110,"(1, 0)",0.0,0.0,0.0
2,111,"(1, 3)",0.0,0.0,0.0
2,112,"(7, 1)",0.0,0.0,0.0
2,113,"(0, 2)",0.0,0.0,0.0
2,114,"(7, 1)",0.0,0.0,0.0
2,115,"(3, 3)",0.0,0.0,0.0
2,116,"(6, 1)",0.0,0.0,0.0
2,117,"(2, 4)",0.0,0.0,0.0
2,118,"(6, 3)",0.0,0.0,0.0
2,119,"(3, 0)",0.0,0.0,0.0
2,120,"(6, 0)",0.0,0.0,0.0
2,121,"(4, 3)",0.0,0.0,0.0
2,122,"(9, 0)",0.0,0.0,0.0
2,123,"(1, 2)",0.0,0.0,0.0
2,124,"(4, 3)",0.0,0.0,0.0
2,125,"(5, 3)",0.0,0.0,0.0
2,126,"(0, 2)",0.0,0.0,0.0
2,127,"(6, 2)",0.0,0.0,0.0
2,128,"(2, 4)",0.0,0.0,0.0
2,129,"(4, 1)",0.0,0.0,0.0
2,130,"(6, 4)",0.0,0.0,0.0
2,131,"(3, 4)",0.0,0.0,0.0
2,132,"(7, 4)",0.0,0.0,0.0
2,133,"(7, 3)",0.0,0.0,0.0
2,134,"(3, 0)",0.0,0.0,0.0
2,135,"(7, 4)",0.0,0.0,0.0
2,136,"(5, 3)",0.0,0.0,0.0
2,137,"(7, 3)",0.0,0.0,0.0
2,138,"(0, 1)",0.0,0.0,0.0
2,139,"(9, 1)",0.0,0.0,0.0
2,140,"(5, 1)",0.0,0.0,0.0
2,141,"(1, 0)",0.0,0.0,0.0
2,142,"(1, 4)",0.0,0.0,0.0
2,143,"(5, 0)",0.0,0.0,0.0
2,144,"(1, 2)",0.0,0.0,0.0
2,145,"(4, 3)",0.0,0.0,0.0
2,146,"(3, 0)",0.0,0.0,0.0
2,147,"(4, 2)",0.0,0.0,0.0
2,148,"(7, 0)",0.0,0.0,0.0
2,149,"(4, 2)",0.0,0.0,0.0
2,150,"(8, 3)",0.0,0.0,0.0
2,151,"(5, 3)",0.0,0.0,0.0
2,152,"(3, 3)",0.0,0.0,0.0
2,153,"(1, 2)",0.0,0.0,0.0
2,154,"(7, 3)",0.0,0.0,0.0
2,155,"(7, 2)",0.0,0.0,0.0
2,156,"(9, 0)",0.0,0.0,0.0
2,157,"(6, 3)",0.0,0.0,0.0
2,158,"(9, 3)",0.0,0.0,0.0
2,159,"(8, 4)",0.0,0.0,0.0
2,160,"(3, 3)",0.0,0.0,0.0
2,161,"(9, 0)",0.0,0.0,0.0
2,162,"(2, 4)",0.0,0.0,0.0
2,163,"(9, 3)",0.0,0.0,0.0
2,164,"(7, 1)",0.0,0.0,0.0
2,165,"(8, 0)",0.0,0.0,0.0
2,166,"(5, 4)",0.0,0.0,0.0
2,167,"(1, 4)",0.0,0.0,0.0
2,168,"(6, 0)",0.0,0.0,0.0
2,169,"(1, 2)",0.0,0.0,0.0
2,170,"(1, 0)",0.0,0.0,0.0
2,171,"(9, 1)",0.0,0.0,0.0
2,172,"(5, 3)",0.0,0.0,0.0
2,173,"(0, 0)",0.0,0.0,0.0
2,174,"(2, 2)",0.0,0.0,0.0
2,175,"(4, 3)",0.0,0.0,0.0
2,176,"(1, 3)",0.0,0.0,0.0
2,177,"(4, 1)",0.0,0.0,0.0
2,178,"(4, 0)",0.0,0.0,0.0
2,179,"(8, 3)",0.0,0.0,0.0
2,180,"(4, 0)",0.0,0.0,0.0
2,181,"(8, 3)",0.0,0.0,0.0
2,182,"(9, 3)",0.0,0.0,0.0
2,183,"(5, 1)",0.0,0.0,0.0
2,184,"(9, 0)",0.0,0.0,0.0
2,185,"(5, 0)",0.0,0.0,0.0
2,186,"(9, 3)",0.0,0.0,0.0
2,187,"(1, 3)",0.0,0.0,0.0
2,188,"(3, 2)",0.0,0.0,0.0
2,189,"(1, 1)",0.0,0.0,0.0
2,190,"(4, 4)",0.0,0.0,0.0
2,191,"(3, 0)",0.0,0.0,0.0
2,192,"(5, 2)",0.0,0.0,0.0
2,193,"(9, 1)",0.0,0.0,0.0
2,194,"(8, 3)",0.0,0.0,0.0
2,195,"(3, 3)",0.0,0.0,0.0
2,196,"(5, 2)",0.0,0.0,0.0
2,197,"(8, 3)",0.0,0.0,0.0
2,198,"(4, 1)",0.0,0.0,0.0
2,199,"(8, 4)",0.0,0.0,0.0
2,200,"(7, 2)",0.0,0.0,0.0
2,201,"(3, 0)",0.0,0.0,0.0
2,202,"(5, 2)",0.0,0.0,0.0
2,203,"(3, 3)",0.0,0.0,0.0
2,204,"(1, 2)",0.0,0.0,0.0
2,205,"(5, 4)",0.0,0.0,0.0
2,206,"(2, 0)",0.0,0.0,0.0
2,207,"(4, 0)",0.0,0.0,0.0
2,208,"(1, 1)",0.0,0.0,0.0
2,209,"(6, 0)",0.0,0.0,0.0
2,210,"(4, 3)",0.0,0.0,0.0
2,211,"(6, 2)",0.0,0.0,0.0
2,212,"(7, 0)",0.0,0.0,0.0
2,213,"(2, 0)",0.0,0.0,0.0
2,214,"(3, 2)",0.0,0.0,0.0
2,215,"(5, 0)",0.0,0.0,0.0
2,216,"(9, 3)",0.0,0.0,0.0
2,217,"(9, 0)",0.0,0.0,0.0
2,218,"(4, 1)",0.0,0.0,0.0
2,219,"(8, 0)",0.0,0.0,0.0
2,220,"(6, 3)",0.0,0.0,0.0
2,221,"(5, 4)",0.0,0.0,0.0
2,222,"(8, 1)",0.0,0.0,0.0
2,223,"(7, 1)",0.0,0.0,0.0
2,224,"(4, 0)",0.0,0.0,0.0
2,225,"(1, 1)",0.0,0.0,0.0
2,226,"(2, 2)",0.0,0.0,0.0
2,227,"(6, 0)",0.0,0.0,0.0
2,228,"(5, 1)",0.0,0.0,0.0
2,229,"(1, 4)",0.0,0.0,0.0
2,230,"(5, 0)",0.0,0.0,0.0
2,231,"(4, 0)",0.0,0.0,0.0
2,232,"(7, 0)",0.0,0.0,0.0
2,233,"(0, 0)",0.0,0.0,0.0
2,234,"(8, 2)",0.0,0.0,0.0
2,235,"(0, 2)",0.0,0.0,0.0
2,236,"(3, 3)",0.0,0.0,0.0
2,237,"(4, 1)",0.0,0.0,0.0
2,238,"(7, 3)",0.0,0.0,0.0
2,239,"(8, 0)",0.0,0.0,0.0
2,240,"(7, 0)",0.0,0.0,0.0
2,241,"(8, 1)",0.0,0.0,0.0
2,242,"(1, 0)",0.0,0.0,0.0
2,243,"(6, 3)",0.0,0.0,0.0
2,244,"(2, 4)",0.0,0.0,0.0
2,245,"(2, 2)",0.0,0.0,0.0
2,246,"(6, 3)",0.0,0.0,0.0
2,247,"(6, 1)",0.0,0.0,0.0
2,248,"(8, 4)",0.0,0.0,0.0
2,249,"(6, 4)",0.0,0.0,0.0
2,250,"(4, 0)",0.0,0.0,0.0
2,251,"(3, 4)",0.0,0.0,0.0
2,252,"(6, 4)",0.0,0.0,0.0
2,253,"(6, 4)",0.0,0.0,0.0
2,254,"(4, 1)",0.0,0.0,0.0
2,255,"(1, 4)",0.0,0.0,0.0
2,256,"(0, 4)",0.0,0.0,0.0
2,257,"(6, 4)",0.0,0.0,0.0
2,258,"(2, 3)",0.0,0.0,0.0
2,259,"(6, 2)",0.0,0.0,0.0
2,260,"(9, 0)",0.0,0.0,0.0
2,261,"(1, 4)",0.0,0.0,0.0
2,262,"(7, 2)",0.0,0.0,0.0
2,263,"(8, 2)",0.0,0.0,0.0
2,264,"(6, 3)",0.0,0.0,0.0
2,265,"(2, 2)",0.0,0.0,0.0
2,266,"(0, 3)",0.0,0.0,0.0
2,267,"(0, 2)",0.0,0.0,0.0
2,268,"(1, 4)",0.0,0.0,0.0
2,269,"(4, 4)",0.0,0.0,0.0
2,270,"(8, 2)",0.0,0.0,0.0
2,271,"(7, 2)",0.0,0.0,0.0
2,272,"(9, 3)",0.0,0.0,0.0
2,273,"(1, 2)",0.0,0.0,0.0
2,274,"(5, 3)",0.0,0.0,0.0
2,275,"(8, 1)",0.0,0.0,0.0
2,276,"(0, 4)",0.0,0.0,0.0
2,277,"(9, 2)",0.0,0.0,0.0
2,278,"(2, 3)",0.0,0.0,0.0
2,279,"(8, 3)",0.0,0.0,0.0
2,280,"(7, 1)",0.0,0.0,0.0
2,281,"(4, 0)",0.0,0.0,0.0
2,282,"(5, 0)",0.0,0.0,0.0
2,283,"(6, 0)",0.0,0.0,0.0
2,284,"(9, 1)",0.0,0.0,0.0
2,285,"(6, 1)",0.0,0.0,0.0
2,286,"(6, 0)",0.0,0.0,0.0
2,287,"(0, 0)",0.0,0.0,0.0
2,288,"(6, 3)",0.0,0.0,0.0
2,289,"(5, 2)",0.0,0.0,0.0
2,290,"(7, 1)",0.0,0.0,0.0
2,291,"(3, 2)",0.0,0.0,0.0
2,292,"(1, 0)",0.0,0.0,0.0
2,293,"(7, 3)",0.0,0.0,0.0
2,294,"(4, 4)",0.0,0.0,0.0
2,295,"(5, 1)",0.0,0.0,0.0
2,296,"(7, 0)",0.0,0.0,0.0
2,297,"(6, 0)",0.0,0.0,0.0
2,298,"(3, 3)",0.0,0.0,0.0
2,299,"(9, 2)",0.0,0.0,0.0
2,300,"(1, 2)",0.0,0.0,0.0
2,301,"(8, 1)",0.0,0.0,0.0
2,302,"(2, 0)",0.0,0.0,0.0
2,303,"(0, 0)",0.0,0.0,0.0
2,304,"(1, 0)",0.0,0.0,0.0
2,305,"(9, 1)",0.0,0.0,0.0
2,306,"(6, 2)",0.0,0.0,0.0
2,307,"(8, 1)",0.0,0.0,0.0
2,308,"(6, 1)",0.0,0.0,0.0
2,309,"(3, 1)",0.0,0.0,0.0
2,310,"(4, 0)",0.0,0.0,0.0
2,311,"(2, 4)",0.0,0.0,0.0
2,312,"(5, 1)",0.0,0.0,0.0
2,313,"(5, 0)",0.0,0.0,0.0
2,314,"(9, 0)",0.0,0.0,0.0
2,315,"(7, 3)",0.0,0.0,0.0
2,316,"(0, 4)",0.0,0.0,0.0
2,317,"(1, 1)",0.0,0.0,0.0
3,1,"(1, 0)",80000.0,20000.0,0.0
3,2,"(4, 2)",32000.0,48000.0,0.0
3,3,"(3, 1)",19200.0,12800.0,0.0
3,4,"(4, 3)",3840.0,15360.0,0.0
3,5,"(8, 4)",0.0,3840.0,0.0
3,6,"(9, 1)",0.0,0.0,0.0
3,7,"(0, 0)",0.0,0.0,0.0
3,8,"(8, 2)",0.0,0.0,0.0
3,9,"(8, 3)",0.0,0.0,0.0
3,10,"(1, 0)",0.0,0.0,0.0
3,11,"(0, 3)",0.0,0.0,0.0
3,12,"(7, 3)",0.0,0.0,0.0
3,13,"(9, 4)",0.0,0.0,0.0
3,14,"(8, 3)",0.0,0.0,0.0
3,15,"(9, 0)",0.0,0.0,0.0
3,16,"(3, 0)",0.0,0.0,0.0
3,17,"(5, 1)",0.0,0.0,0.0
3,18,"(1, 0)",0.0,0.0,0.0
3,19,"(3, 2)",0.0,0.0,0.0
3,20,"(7, 3)",0.0,0.0,0.0
3,21,"(4, 4)",0.0,0.0,0.0
3,22,"(5, 3)",0.0,0.0,0.0
3,23,"(7, 4)",0.0,0.0,0.0
3,24,"(9, 2)",0.0,0.0,0.0
3,25,"(1, 3)",0.0,0.0,0.0
3,26,"(8, 3)",0.0,0.0,0.0
3,27,"(8, 2)",0.0,0.0,0.0
3,28,"(0, 3)",0.0,0.0,0.0
3,29,"(2, 3)",0.0,0.0,0.0
3,30,"(1, 0)",0.0,0.0,0.0
3,31,"(1, 2)",0.0,0.0,0.0
3,32,"(8, 1)",0.0,0.0,0.0
3,33,"(2, 2)",0.0,0.0,0.0
3,34,"(7, 3)",0.0,0.0,0.0
3,35,"(1, 0)",0.0,0.0,0.0
3,36,"(0, 1)",0.0,0.0,0.0
3,37,"(3, 3)",0.0,0.0,0.0
3,38,"(6, 2)",0.0,0.0,0.0
3,39,"(9, 2)",0.0,0.0,0.0
3,40,"(9, 3)",0.0,0.0,0.0
3,41,"(0, 1)",0.0,0.0,0.0
3,42,"(9, 4)",0.0,0.0,0.0
3,43,"(8, 1)",0.0,0.0,0.0
3,44,"(0, 3)",0.0,0.0,0.0
3,45,"(1, 4)",0.0,0.0,0.0
3,46,"(4, 3)",0.0,0.0,0.0
3,47,"(0, 1)",0.0,0.0,0.0
3,48,"(4, 4)",0.0,0.0,0.0
3,49,"(4, 3)",0.0,0.0,0.0
3,50,"(3, 2)",0.0,0.0,0.0
3,51,"(5, 1)",0.0,0.0,0.0
3,52,"(7, 4)",0.0,0.0,0.0
3,53,"(0, 4)",0.0,0.0,0.0
3,54,"(9, 0)",0.0,0.0,0.0
3,55,"(5, 1)",0.0,0.0,0.0
3,56,"(9, 3)",0.0,0.0,0.0
3,57,"(2, 1)",0.0,0.0,0.0
3,58,"(6, 0)",0.0,0.0,0.0
3,59,"(9, 2)",0.0,0.0,0.0
3,60,"(7, 1)",0.0,0.0,0.0
3,61,"(4, 2)",0.0,0.0,0.0
3,62,"(3, 2)",0.0,0.0,0.0
3,63,"(6, 0)",0.0,0.0,0.0
3,64,"(5, 2)",0.0,0.0,0.0
3,65,"(6, 3)",0.0,0.0,0.0
3,66,"(7, 4)",0.0,0.0,0.0
3,67,"(1, 1)",0.0,0.0,0.0
3,68,"(6, 4)",0.0,0.0,0.0
3,69,"(5, 3)",0.0,0.0,0.0
3,70,"(7, 4)",0.0,0.0,0.0
3,71,"(8, 0)",0.0,0.0,0.0
3,72,"(0, 1)",0.0,0.0,0.0
3,73,"(9, 4)",0.0,0.0,0.0
3,74,"(9, 2)",0.0,0.0,0.0
3,75,"(4, 4)",0.0,0.0,0.0
3,76,"(0, 3)",0.0,0.0,0.0
3,77,"(5, 4)",0.0,0.0,0.0
3,78,"(5, 0)",0.0,0.0,0.0
3,79,"(6, 3)",0.0,0.0,0.0
3,80,"(5, 0)",0.0,0.0,0.0
3,81,"(2, 1)",0.0,0.0,0.0
3,82,"(7, 2)",0.0,0.0,0.0
3,83,"(4, 4)",0.0,0.0,0.0
3,84,"(1, 4)",0.0,0.0,0.0
3,85,"(3, 3)",0.0,0.0,0.0
3,86,"(6, 2)",0.0,0.0,0.0
3,87,"(1, 1)",0.0,0.0,0.0
3,88,"(2, 2)",0.0,0.0,0.0
3,89,"(8, 1)",0.0,0.0,0.0
3,90,"(2, 0)",0.0,0.0,0.0
3,91,"(0, 2)",0.0,0.0,0.0
3,92,"(3, 3)",0.0,0.0,0.0
3,93,"(5, 2)",0.0,0.0,0.0
3,94,"(4, 1)",0.0,0.0,0.0
3,95,"(8, 3)",0.0,0.0,0.0
3,96,"(6, 1)",0.0,0.0,0.0
3,97,"(2, 3)",0.0,0.0,0.0
3,98,"(7, 3)",0.0,0.0,0.0
3,99,"(1, 0)",0.0,0.0,0.0
3,100,"(6, 2)",0.0,0.0,0.0
3,101,"(8, 4)",0.0,0.0,0.0
3,102,"(8, 3)",0.0,0.0,0.0
3,103,"(3, 0)",0.0,0.0,0.0
3,104,"(5, 3)",0.0,0.0,0.0
3,105,"(1, 0)",0.0,0.0,0.0
3,106,"(0, 0)",0.0,0.0,0.0
3,107,"(3, 4)",0.0,0.0,0.0
3,108,"(8, 1)",0.0,0.0,0.0
3,109,"(4, 1)",0.0,0.0,0.0
3,110,"(0, 0)",0.0,0.0,0.0
3,111,"(7, 4)",0.0,0.0,0.0
3,112,"(9, 3)",0.0,0.0,0.0
3,113,"(5, 4)",0.0,0.0,0.0
3,114,"(5, 4)",0.0,0.0,0.0
3,115,"(3, 3)",0.0,0.0,0.0
3,116,"(1, 4)",0.0,0.0,0.0
3,117,"(0, 1)",0.0,0.0,0.0
3,118,"(2, 2)",0.0,0.0,0.0
3,119,"(6, 1)",0.0,0.0,0.0
3,120,"(7, 1)",0.0,0.0,0.0
3,121,"(1, 4)",0.0,0.0,0.0
3,122,"(8, 1)",0.0,0.0,0.0
3,123,"(1, 0)",0.0,0.0,0.0
3,124,"(3, 0)",0.0,0.0,0.0
3,125,"(8, 0)",0.0,0.0,0.0
3,126,"(8, 3)",0.0,0.0,0.0
3,127,"(5, 3)",0.0,0.0,0.0
3,128,"(9, 0)",0.0,0.0,0.0
3,129,"(8, 1)",0.0,0.0,0.0
3,130,"(7, 1)",0.0,0.0,0.0
3,131,"(9, 3)",0.0,0.0,0.0
3,132,"(3, 1)",0.0,0.0,0.0
3,133,"(3, 1)",0.0,0.0,0.0
3,134,"(1, 0)",0.0,0.0,0.0
3,135,"(8, 1)",0.0,0.0,0.0
3,136,"(9, 2)",0.0,0.0,0.0
3,137,"(1, 4)",0.0,0.0,0.0
3,138,"(3, 0)",0.0,0.0,0.0
3,139,"(4, 2)",0.0,0.0,0.0
3,140,"(2, 1)",0.0,0.0,0.0
3,141,"(4, 1)",0.0,0.0,0.0
3,142,"(9, 0)",0.0,0.0,0.0
3,143,"(9, 4)",0.0,0.0,0.0
3,144,"(9, 2)",0.0,0.0,0.0
3,145,"(1, 4)",0.0,0.0,0.0
3,146,"(6, 1)",0.0,0.0,0.0
3,147,"(1, 1)",0.0,0.0,0.0
3,148,"(9, 2)",0.0,0.0,0.0
3,149,"(7, 3)",0.0,0.0,0.0
3,150,"(6, 2)",0.0,0.0,0.0
3,151,"(9, 1)",0.0,0.0,0.0
3,152,"(7, 0)",0.0,0.0,0.0
3,153,"(9, 3)",0.0,0.0,0.0
3,154,"(7, 3)",0.0,0.0,0.0
3,155,"(3, 0)",0.0,0.0,0.0
3,156,"(9, 0)",0.0,0.0,0.0
3,157,"(2, 0)",0.0,0.0,0.0
3,158,"(1, 2)",0.0,0.0,0.0
3,159,"(7, 4)",0.0,0.0,0.0
3,160,"(5, 1)",0.0,0.0,0.0
3,161,"(6, 4)",0.0,0.0,0.0
3,162,"(4, 4)",0.0,0.0,0.0
3,163,"(8, 3)",0.0,0.0,0.0
3,164,"(6, 4)",0.0,0.0,0.0
3,165,"(9, 1)",0.0,0.0,0.0
3,166,"(4, 1)",0.0,0.0,0.0
3,167,"(1, 4)",0.0,0.0,0.0
3,168,"(2, 0)",0.0,0.0,0.0
3,169,"(9, 2)",0.0,0.0,0.0
3,170,"(5, 2)",0.0,0.0,0.0
3,171,"(0, 1)",0.0,0.0,0.0
3,172,"(2, 4)",0.0,0.0,0.0
3,173,"(5, 2)",0.0,0.0,0.0
3,174,"(9, 3)",0.0,0.0,0.0
3,175,"(5, 4)",0.0,0.0,0.0
3,176,"(0, 3)",0.0,0.0,0.0
3,177,"(6, 2)",0.0,0.0,0.0
3,178,"(5, 0)",0.0,0.0,0.0
3,179,"(0, 0)",0.0,0.0,0.0
3,180,"(2, 1)",0.0,0.0,0.0
3,181,"(8, 4)",0.0,0.0,0.0
3,182,"(1, 2)",0.0,0.0,0.0
3,183,"(7, 1)",0.0,0.0,0.0
3,184,"(7, 2)",0.0,0.0,0.0
3,185,"(9, 0)",0.0,0.0,0.0
3,186,"(1, 1)",0.0,0.0,0.0
3,187,"(6, 4)",0.0,0.0,0.0
3,188,"(8, 1)",0.0,0.0,0.0
3,189,"(0, 2)",0.0,0.0,0.0
3,190,"(9, 0)",0.0,0.0,0.0
3,191,"(2, 1)",0.0,0.0,0.0
3,192,"(0, 2)",0.0,0.0,0.0
3,193,"(7, 3)",0.0,0.0,0.0
3,194,"(3, 1)",0.0,0.0,0.0
3,195,"(0, 4)",0.0,0.0,0.0
3,196,"(3, 1)",0.0,0.0,0.0
3,197,"(4, 1)",0.0,0.0,0.0
3,198,"(4, 3)",0.0,0.0,0.0
3,199,"(4, 1)",0.0,0.0,0.0
3,200,"(6, 0)",0.0,0.0,0.0
3,201,"(1, 0)",0.0,0.0,0.0
3,202,"(9, 0)",0.0,0.0,0.0
3,203,"(8, 4)",0.0,0.0,0.0
3,204,"(4, 4)",0.0,0.0,0.0
3,205,"(0, 0)",0.0,0.0,0.0
3,206,"(8, 4)",0.0,0.0,0.0
3,207,"(1, 4)",0.0,0.0,0.0
3,208,"(6, 1)",0.0,0.0,0.0
3,209,"(2, 3)",0.0,0.0,0.0
3,210,"(5, 4)",0.0,0.0,0.0
3,211,"(7, 3)",0.0,0.0,0.0
3,212,"(0, 3)",0.0,0.0,0.0
3,213,"(5, 3)",0.0,0.0,0.0
3,214,"(5, 4)",0.0,0.0,0.0
3,215,"(0, 0)",0.0,0.0,0.0
3,216,"(7, 1)",0.0,0.0,0.0
3,217,"(4, 1)",0.0,0.0,0.0
3,218,"(4, 1)",0.0,0.0,0.0
3,219,"(9, 3)",0.0,0.0,0.0
3,220,"(0, 0)",0.0,0.0,0.0
3,221,"(9, 1)",0.0,0.0,0.0
3,222,"(1, 3)",0.0,0.0,0.0
3,223,"(9, 2)",0.0,0.0,0.0
3,224,"(4, 2)",0.0,0.0,0.0
3,225,"(4, 4)",0.0,0.0,0.0
3,226,"(2, 2)",0.0,0.0,0.0
3,227,"(0, 4)",0.0,0.0,0.0
3,228,"(5, 1)",0.0,0.0,0.0
3,229,"(5, 0)",0.0,0.0,0.0
3,230,"(6, 2)",0.0,0.0,0.0
3,231,"(0, 2)",0.0,0.0,0.0
3,232,"(2, 3)",0.0,0.0,0.0
3,233,"(7, 0)",0.0,0.0,0.0
3,234,"(1, 4)",0.0,0.0,0.0
3,235,"(2, 0)",0.0,0.0,0.0
3,236,"(3, 4)",0.0,0.0,0.0
3,237,"(4, 3)",0.0,0.0,0.0
3,238,"(9, 3)",0.0,0.0,0.0
3,239,"(5, 2)",0.0,0.0,0.0
3,240,"(7, 4)",0.0,0.0,0.0
3,241,"(4, 3)",0.0,0.0,0.0
3,242,"(4, 0)",0.0,0.0,0.0
3,243,"(7, 0)",0.0,0.0,0.0
3,244,"(7, 3)",0.0,0.0,0.0
3,245,"(1, 2)",0.0,0.0,0.0
3,246,"(9, 4)",0.0,0.0,0.0
3,247,"(8, 4)",0.0,0.0,0.0
3,248,"(5, 3)",0.0,0.0,0.0
3,249,"(5, 3)",0.0,0.0,0.0
3,250,"(9, 0)",0.0,0.0,0.0
3,251,"(8, 2)",0.0,0.0,0.0
3,252,"(0, 1)",0.0,0.0,0.0
3,253,"(2, 0)",0.0,0.0,0.0
3,254,"(8, 3)",0.0,0.0,0.0
3,255,"(6, 2)",0.0,0.0,0.0
3,256,"(4, 1)",0.0,0.0,0.0
3,257,"(6, 3)",0.0,0.0,0.0
3,258,"(0, 1)",0.0,0.0,0.0
3,259,"(6, 0)",0.0,0.0,0.0
3,260,"(0, 3)",0.0,0.0,0.0
3,261,"(2, 4)",0.0,0.0,0.0
3,262,"(2, 3)",0.0,0.0,0.0
3,263,"(3, 0)",0.0,0.0,0.0
3,264,"(7, 0)",0.0,0.0,0.0
3,265,"(9, 4)",0.0,0.0,0.0
3,266,"(1, 2)",0.0,0.0,0.0
3,267,"(2, 3)",0.0,0.0,0.0
3,268,"(1, 4)",0.0,0.0,0.0
3,269,"(2, 4)",0.0,0.0,0.0
3,270,"(5, 4)",0.0,0.0,0.0
3,271,"(6, 1)",0.0,0.0,0.0
3,272,"(4, 4)",0.0,0.0,0.0
3,273,"(9, 3)",0.0,0.0,0.0
3,274,"(0, 0)",0.0,0.0,0.0
3,275,"(9, 0)",0.0,0.0,0.0
3,276,"(0, 2)",0.0,0.0,0.0
3,277,"(7, 1)",0.0,0.0,0.0
3,278,"(8, 2)",0.0,0.0,0.0
3,279,"(2, 2)",0.0,0.0,0.0
3,280,"(4, 1)",0.0,0.0,0.0
3,281,"(2, 3)",0.0,0.0,0.0
3,282,"(5, 1)",0.0,0.0,0.0
3,283,"(3, 0)",0.0,0.0,0.0
3,284,"(7, 3)",0.0,0.0,0.0
3,285,"(9, 3)",0.0,0.0,0.0
3,286,"(8, 0)",0.0,0.0,0.0
3,287,"(1, 1)",0.0,0.0,0.0
3,288,"(6, 0)",0.0,0.0,0.0
3,289,"(9, 3)",0.0,0.0,0.0
3,290,"(7, 1)",0.0,0.0,0.0
3,291,"(3, 0)",0.0,0.0,0.0
3,292,"(6, 3)",0.0,0.0,0.0
3,293,"(9, 3)",0.0,0.0,0.0
3,294,"(5, 2)",0.0,0.0,0.0
3,295,"(6, 4)",0.0,0.0,0.0
3,296,"(6, 4)",0.0,0.0,0.0
3,297,"(9, 1)",0.0,0.0,0.0
3,298,"(7, 4)",0.0,0.0,0.0
3,299,"(5, 3)",0.0,0.0,0.0
3,300,"(6, 4)",0.0,0.0,0.0
3,301,"(8, 3)",0.0,0.0,0.0
3,302,"(8, 0)",0.0,0.0,0.0
3,303,"(4, 2)",0.0,0.0,0.0
3,304,"(3, 1)",0.0,0.0,0.0
3,305,"(2, 0)",0.0,0.0,0.0
3,306,"(6, 4)",0.0,0.0,0.0
3,307,"(5, 3)",0.0,0.0,0.0
3,308,"(1, 4)",0.0,0.0,0.0
3,309,"(8, 1)",0.0,0.0,0.0
3,310,"(4, 3)",0.0,0.0,0.0
3,311,"(3, 3)",0.0,0.0,0.0
3,312,"(7, 4)",0.0,0.0,0.0
3,313,"(1, 1)",0.0,0.0,0.0
3,314,"(0, 3)",0.0,0.0,0.0
3,315,"(1, 2)",0.0,0.0,0.0
3,316,"(0, 1)",0.0,0.0,0.0
3,317,"(6, 4)",0.0,0.0,0.0
4,1,"(9, 4)",1951.4475422587018,100317.23107144523,1951.4475422587018
4,2,"(9, 4)",40.28243574845759,1943.1666225146732,1991.7299780071594
4,3,"(9, 4)",0.8408932300555753,40.166559002223806,1992.570871237215
4,4,"(9, 4)",0.053502229197977404,0.8591429793323337,1992.6243734664129
4,5,"(9, 4)",0.0005196425671838169,0.05342468934914437,1992.6248931089801
4,6,"(9, 4)",7.921630996556354e-06,0.0005207705464557983,1992.6249010306112
4,7,"(9, 4)",1.37855368206967e-07,7.89388680895675e-06,1992.6249011684665
4,8,"(9, 4)",3.0210446305327423e-09,1.379741107416156e-07,1992.6249011714876
4,9,"(9, 4)",6.752186213700852e-11,3.0251615188391935e-09,1992.6249011715552
4,10,"(9, 4)",1.3001851678375931e-12,6.707191773224084e-11,1992.6249011715565
4,11,"(9, 4)",3.360795597024413e-14,1.2926208854698808e-12,1992.6249011715565
4,12,"(9, 4)",3.159607664336651e-16,3.3632645327003395e-14,1992.6249011715565
4,13,"(9, 4)",3.975688972011704e-18,3.1597065911156475e-16,1992.6249011715565
4,14,"(9, 4)",5.3434919540470006e-20,3.984095089579668e-18,1992.6249011715565
4,15,"(9, 4)",5.166965134559105e-22,5.3467381631918316e-20,1992.6249011715565
4,16,"(9, 4)",5.1503973922689846e-24,5.145820979946454e-22,1992.6249011715565
4,17,"(9, 4)",1.716944927429744e-26,5.1209046113376655e-24,1992.6249011715565
4,18,"(9, 4)",1.1051940326625223e-28,1.715205878959106e-26,1992.6249011715565
4,19,"(9, 4)",8.671614581136815e-31,1.1077222383089038e-28,1992.6249011715565
4,20,"(9, 4)",8.943831463760452e-33,8.6510978975759e-31,1992.6249011715565
4,21,"(9, 4)",1.6992015747766987e-34,8.979427339760376e-33,1992.6249011715565
4,22,"(9, 4)",2.355704927132739e-36,1.6955661679614328e-34,1992.6249011715565
4,23,"(9, 4)",2.086258769339935e-38,2.3588736557237393e-36,1992.6249011715565
4,24,"(9, 4)",3.071693309672178e-40,2.086122096280977e-38,1992.6249011715565
4,25,"(9, 4)",9.668470378978099e-42,3.083014172755579e-40,1992.6249011715565
4,26,"(9, 4)",4.6505729935065825e-43,9.534194072513005e-42,1992.6249011715565
4,27,"(9, 4)",1.8310033555894753e-44,4.702988481653828e-43,1992.6249011715565
4,28,"(9, 4)",2.8745721815354954e-46,1.8092795596063624e-44,1992.6249011715565
4,29,"(9, 4)",9.409150870984735e-48,2.888936727733974e-46,1992.6249011715565
4,30,"(9, 4)",4.8295778366530614e-49,9.340843324859182e-48,1992.6249011715565
4,31,"(9, 4)",0.0,4.8295778366530614e-49,1992.6249011715565
4,32,"(9, 4)",0.0,0.0,1992.6249011715565
4,33,"(9, 4)",0.0,0.0,1992.6249011715565
4,34,"(9, 4)",0.0,0.0,1992.6249011715565
4,35,"(9, 4)",0.0,0.0,1992.6249011715565
4,36,"(9, 4)",0.0,0.0,1992.6249011715565
4,37,"(9, 4)",0.0,0.0,1992.6249011715565
4,38,"(9, 4)",0.0,0.0,1992.6249011715565
4,39,"(9, 4)",0.0,0.0,1992.6249011715565
4,40,"(9, 4)",0.0,0.0,1992.6249011715565
4,41,"(9, 4)",0.0,0.0,1992.6249011715565
4,42,"(9, 4)",0.0,0.0,1992.6249011715565
4,43,"(9, 4)",0.0,0.0,1992.6249011715565
4,44,"(9, 4)",0.0,0.0,1992.6249011715565
4,45,"(9, 4)",0.0,0.0,1992.6249011715565
4,46,"(9, 4)",0.0,0.0,1992.6249011715565
4,47,"(9, 4)",0.0,0.0,1992.6249011715565
4,48,"(9, 4)",0.0,0.0,1992.6249011715565
4,49,"(9, 4)",0.0,0.0,1992.6249011715565
4,50,"(9, 4)",0.0,0.0,1992.6249011715565
4,51,"(9, 4)",0.0,0.0,1992.6249011715565
4,52,"(9, 4)",0.0,0.0,1992.6249011715565
4,53,"(9, 4)",0.0,0.0,1992.6249011715565
4,54,"(9, 4)",0.0,0.0,1992.6249011715565
4,55,"(9, 4)",0.0,0.0,1992.6249011715565
4,56,"(9, 4)",0.0,0.0,1992.6249011715565
4,57,"(9, 4)",0.0,0.0,1992.6249011715565
4,58,"(9, 4)",0.0,0.0,1992.6249011715565
4,59,"(9, 4)",0.0,0.0,1992.6249011715565
4,60,"(9, 4)",0.0,0.0,1992.6249011715565
4,61,"(9, 4)",0.0,0.0,1992.6249011715565
4,62,"(9, 4)",0.0,0.0,1992.6249011715565
4,63,"(9, 4)",0.0,0.0,1992.6249011715565
4,64,"(9, 4)",0.0,0.0,1992.6249011715565
4,65,"(9, 4)",0.0,0.0,1992.6249011715565
4,66,"(9, 4)",0.0,0.0,1992.6249011715565
4,67,"(9, 4)",0.0,0.0,1992.6249011715565
4,68,"(9, 4)",0.0,0.0,1992.6249011715565
4,69,"(9, 4)",0.0,0.0,1992.6249011715565
4,70,"(9, 4)",0.0,0.0,1992.6249011715565
4,71,"(9, 4)",0.0,0.0,1992.6249011715565
4,72,"(9, 4)",0.0,0.0,1992.6249011715565
4,73,"(9, 4)",0.0,0.0,1992.6249011715565
4,74,"(9, 4)",0.0,0.0,1992.6249011715565
4,75,"(9, 4)",0.0,0.0,1992.6249011715565
4,76,"(9, 4)",0.0,0.0,1992.6249011715565
4,77,"(9, 4)",0.0,0.0,1992.6249011715565
4,78,"(9, 4)",0.0,0.0,1992.6249011715565
4,79,"(9, 4)",0.0,0.0,1992.6249011715565
4,80,"(9, 4)",0.0,0.0,1992.6249011715565
4,81,"(9, 4)",0.0,0.0,1992.6249011715565
4,82,"(9, 4)",0.0,0.0,1992.6249011715565
4,83,"(9, 4)",0.0,0.0,1992.6249011715565
4,84,"(9, 4)",0.0,0.0,1992.6249011715565
4,85,"(9, 4)",0.0,0.0,1992.6249011715565
4,86,"(9, 4)",0.0,0.0,1992.6249011715565
4,87,"(9, 4)",0.0,0.0,1992.6249011715565
4,88,"(9, 4)",0.0,0.0,1992.6249011715565
4,89,"(9, 4)",0.0,0.0,1992.6249011715565
4,90,"(9, 4)",0.0,0.0,1992.6249011715565
4,91,"(9, 4)",0.0,0.0,1992.6249011715565
4,92,"(9, 4)",0.0,0.0,1992.6249011715565
4,93,"(9, 4)",0.0,0.0,1992.6249011715565
4,94,"(9, 4)",0.0,0.0,1992.6249011715565
4,95,"(9, 4)",0.0,0.0,1992.6249011715565
4,96,"(9, 4)",0.0,0.0,1992.6249011715565
4,97,"(9, 4)",0.0,0.0,1992.6249011715565
4,98,"(9, 4)",0.0,0.0,1992.6249011715565
4,99,"(9, 4)",0.0,0.0,1992.6249011715565
4,100,"(9, 4)",0.0,0.0,1992.6249011715565
4,101,"(9, 4)",0.0,0.0,1992.6249011715565
4,102,"(9, 4)",0.0,0.0,1992.6249011715565
4,103,"(9, 4)",0.0,0.0,1992.6249011715565
4,104,"(9, 4)",0.0,0.0,1992.6249011715565
4,105,"(9, 4)",0.0,0.0,1992.6249011715565
4,106,"(9, 4)",0.0,0.0,1992.6249011715565
4,107,"(9, 4)",0.0,0.0,1992.6249011715565
4,108,"(9, 4)",0.0,0.0,1992.6249011715565
4,109,"(9, 4)",0.0,0.0,1992.6249011715565
4,110,"(9, 4)",0.0,0.0,1992.6249011715565
4,111,"(9, 4)",0.0,0.0,1992.6249011715565
4,112,"(9, 4)",0.0,0.0,1992.6249011715565
4,113,"(9, 4)",0.0,0.0,1992.6249011715565
4,114,"(9, 4)",0.0,0.0,1992.6249011715565
4,115,"(9, 4)",0.0,0.0,1992.6249011715565
4,116,"(9, 4)",0.0,0.0,1992.6249011715565
4,117,"(9, 4)",0.0,0.0,1992.6249011715565
4,118,"(9, 4)",0.0,0.0,1992.6249011715565
4,119,"(9, 4)",0.0,0.0,1992.6249011715565
4,120,"(9, 4)",0.0,0.0,1992.6249011715565
4,121,"(9, 4)",0.0,0.0,1992.6249011715565
4,122,"(9, 4)",0.0,0.0,1992.6249011715565
4,123,"(9, 4)",0.0,0.0,1992.6249011715565
4,124,"(9, 4)",0.0,0.0,1992.6249011715565
4,125,"(9, 4)",0.0,0.0,1992.6249011715565
4,126,"(9, 4)",0.0,0.0,1992.6249011715565
4,127,"(9, 4)",0.0,0.0,1992.6249011715565
4,128,"(9, 4)",0.0,0.0,1992.6249011715565
4,129,"(9, 4)",0.0,0.0,1992.6249011715565
4,130,"(9, 4)",0.0,0.0,1992.6249011715565
4,131,"(9, 4)",0.0,0.0,1992.6249011715565
4,132,"(9, 4)",0.0,0.0,1992.6249011715565
4,133,"(9, 4)",0.0,0.0,1992.6249011715565
4,134,"(9, 4)",0.0,0.0,1992.6249011715565
4,135,"(9, 4)",0.0,0.0,1992.6249011715565
4,136,"(9, 4)",0.0,0.0,1992.6249011715565
4,137,"(9, 4)",0.0,0.0,1992.6249011715565
4,138,"(9, 4)",0.0,0.0,1992.6249011715565
4,139,"(9, 4)",0.0,0.0,1992.6249011715565
4,140,"(9, 4)",0.0,0.0,1992.6249011715565
4,141,"(9, 4)",0.0,0.0,1992.6249011715565
4,142,"(9, 4)",0.0,0.0,1992.6249011715565
4,143,"(9, 4)",0.0,0.0,1992.6249011715565
4,144,"(9, 4)",0.0,0.0,1992.6249011715565
4,145,"(9, 4)",0.0,0.0,1992.6249011715565
4,146,"(9, 4)",0.0,0.0,1992.6249011715565
4,147,"(9, 4)",0.0,0.0,1992.6249011715565
4,148,"(9, 4)",0.0,0.0,1992.6249011715565
4,149,"(9, 4)",0.0,0.0,1992.6249011715565
4,150,"(9, 4)",0.0,0.0,1992.6249011715565
4,151,"(9, 4)",0.0,0.0,1992.6249011715565
4,152,"(9, 4)",0.0,0.0,1992.6249011715565
4,153,"(9, 4)",0.0,0.0,1992.6249011715565
4,154,"(9, 4)",0.0,0.0,1992.6249011715565
4,155,"(9, 4)",0.0,0.0,1992.6249011715565
4,156,"(9, 4)",0.0,0.0,1992.6249011715565
4,157,"(9, 4)",0.0,0.0,1992.6249011715565
4,158,"(9, 4)",0.0,0.0,1992.6249011715565
4,159,"(9, 4)",0.0,0.0,1992.6249011715565
4,160,"(9, 4)",0.0,0.0,1992.6249011715565
4,161,"(9, 4)",0.0,0.0,1992.6249011715565
4,162,"(9, 4)",0.0,0.0,1992.6249011715565
4,163,"(9, 4)",0.0,0.0,1992.6249011715565
4,164,"(9, 4)",0.0,0.0,1992.6249011715565
4,165,"(9, 4)",0.0,0.0,1992.6249011715565
4,166,"(9, 4)",0.0,0.0,1992.6249011715565
4,167,"(9, 4)",0.0,0.0,1992.6249011715565
4,168,"(9, 4)",0.0,0.0,1992.6249011715565
4,169,"(9, 4)",0.0,0.0,1992.6249011715565
4,170,"(9, 4)",0.0,0.0,1992.6249011715565
4,171,"(9, 4)",0.0,0.0,1992.6249011715565
4,172,"(9, 4)",0.0,0.0,1992.6249011715565
4,173,"(9, 4)",0.0,0.0,1992.6249011715565
4,174,"(9, 4)",0.0,0.0,1992.6249011715565
4,175,"(9, 4)",0.0,0.0,1992.6249011715565
4,176,"(9, 4)",0.0,0.0,1992.6249011715565
4,177,"(9, 4)",0.0,0.0,1992.6249011715565
4,178,"(9, 4)",0.0,0.0,1992.6249011715565
4,179,"(9, 4)",0.0,0.0,1992.6249011715565
4,180,"(9, 4)",0.0,0.0,1992.6249011715565
4,181,"(9, 4)",0.0,0.0,1992.6249011715565
4,182,"(9, 4)",0.0,0.0,1992.6249011715565
4,183,"(9, 4)",0.0,0.0,1992.6249011715565
4,184,"(9, 4)",0.0,0.0,1992.6249011715565
4,185,"(9, 4)",0.0,0.0,1992.6249011715565
4,186,"(9, 4)",0.0,0.0,1992.6249011715565
4,187,"(9, 4)",0.0,0.0,1992.6249011715565
4,188,"(9, 4)",0.0,0.0,1992.6249011715565
4,189,"(9, 4)",0.0,0.0,1992.6249011715565
4,190,"(9, 4)",0.0,0.0,1992.6249011715565
4,191,"(9, 4)",0.0,0.0,1992.6249011715565
4,192,"(9, 4)",0.0,0.0,1992.6249011715565
4,193,"(9, 4)",0.0,0.0,1992.6249011715565
4,194,"(9, 4)",0.0,0.0,1992.6249011715565
4,195,"(9, 4)",0.0,0.0,1992.6249011715565
4,196,"(9, 4)",0.0,0.0,1992.6249011715565
4,197,"(9, 4)",0.0,0.0,1992.6249011715565
4,198,"(9, 4)",0.0,0.0,1992.6249011715565
4,199,"(9, 4)",0.0,0.0,1992.6249011715565
4,200,"(9, 4)",0.0,0.0,1992.6249011715565
4,201,"(9, 4)",0.0,0.0,1992.6249011715565
4,202,"(9, 4)",0.0,0.0,1992.6249011715565
4,203,"(9, 4)",0.0,0.0,1992.6249011715565
4,204,"(9, 4)",0.0,0.0,1992.6249011715565
4,205,"(9, 4)",0.0,0.0,1992.6249011715565
4,206,"(9, 4)",0.0,0.0,1992.6249011715565
4,207,"(9, 4)",0.0,0.0,1992.6249011715565
4,208,"(9, 4)",0.0,0.0,1992.6249011715565
4,209,"(9, 4)",0.0,0.0,1992.6249011715565
4,210,"(9, 4)",0.0,0.0,1992.6249011715565
4,211,"(9, 4)",0.0,0.0,1992.6249011715565
4,212,"(9, 4)",0.0,0.0,1992.6249011715565
4,213,"(9, 4)",0.0,0.0,1992.6249011715565
4,214,"(9, 4)",0.0,0.0,1992.6249011715565
4,215,"(9, 4)",0.0,0.0,1992.6249011715565
4,216,"(9, 4)",0.0,0.0,1992.6249011715565
4,217,"(9, 4)",0.0,0.0,1992.6249011715565
4,218,"(9, 4)",0.0,0.0,1992.6249011715565
4,219,"(9, 4)",0.0,0.0,1992.6249011715565
4,220,"(9, 4)",0.0,0.0,1992.6249011715565
4,221,"(9, 4)",0.0,0.0,1992.6249011715565
4,222,"(9, 4)",0.0,0.0,1992.6249011715565
4,223,"(9, 4)",0.0,0.0,1992.6249011715565
4,224,"(9, 4)",0.0,0.0,1992.6249011715565
4,225,"(9, 4)",0.0,0.0,1992.6249011715565
4,226,"(9, 4)",0.0,0.0,1992.6249011715565
4,227,"(9, 4)",0.0,0.0,1992.6249011715565
4,228,"(9, 4)",0.0,0.0,1992.6249011715565
4,229,"(9, 4)",0.0,0.0,1992.6249011715565
4,230,"(9, 4)",0.0,0.0,1992.6249011715565
4,231,"(9, 4)",0.0,0.0,1992.6249011715565
4,232,"(9, 4)",0.0,0.0,1992.6249011715565
4,233,"(9, 4)",0.0,0.0,1992.6249011715565
4,234,"(9, 4)",0.0,0.0,1992.6249011715565
4,235,"(9, 4)",0.0,0.0,1992.6249011715565
4,236,"(9, 4)",0.0,0.0,1992.6249011715565
4,237,"(9, 4)",0.0,0.0,1992.6249011715565
4,238,"(9, 4)",0.0,0.0,1992.6249011715565
4,239,"(9, 4)",0.0,0.0,1992.6249011715565
4,240,"(9, 4)",0.0,0.0,1992.6249011715565
4,241,"(9, 4)",0.0,0.0,1992.6249011715565
4,242,"(9, 4)",0.0,0.0,1992.6249011715565
4,243,"(9, 4)",0.0,0.0,1992.6249011715565
4,244,"(9, 4)",0.0,0.0,1992.6249011715565
4,245,"(9, 4)",0.0,0.0,1992.6249011715565
4,246,"(9, 4)",0.0,0.0,1992.6249011715565
4,247,"(9, 4)",0.0,0.0,1992.6249011715565
4,248,"(9, 4)",0.0,0.0,1992.6249011715565
4,249,"(9, 4)",0.0,0.0,1992.6249011715565
4,250,"(9, 4)",0.0,0.0,1992.6249011715565
4,251,"(9, 4)",0.0,0.0,1992.6249011715565
4,252,"(9, 4)",0.0,0.0,1992.6249011715565
4,253,"(9, 4)",0.0,0.0,1992.6249011715565
4,254,"(9, 4)",0.0,0.0,1992.6249011715565
4,255,"(9, 4)",0.0,0.0,1992.6249011715565
4,256,"(9, 4)",0.0,0.0,1992.6249011715565
4,257,"(9, 4)",0.0,0.0,1992.6249011715565
4,258,"(9, 4)",0.0,0.0,1992.6249011715565
4,259,"(9, 4)",0.0,0.0,1992.6249011715565
4,260,"(9, 4)",0.0,0.0,1992.6249011715565
4,261,"(9, 4)",0.0,0.0,1992.6249011715565
4,262,"(9, 4)",0.0,0.0,1992.6249011715565
4,263,"(9, 4)",0.0,0.0,1992.6249011715565
4,264,"(9, 4)",0.0,0.0,1992.6249011715565
4,265,"(9, 4)",0.0,0.0,1992.6249011715565
4,266,"(9, 4)",0.0,0.0,1992.6249011715565
4,267,"(9, 4)",0.0,0.0,1992.6249011715565
4,268,"(9, 4)",0.0,0.0,1992.6249011715565
4,269,"(9, 4)",0.0,0.0,1992.6249011715565
4,270,"(9, 4)",0.0,0.0,1992.6249011715565
4,271,"(9, 4)",0.0,0.0,1992.6249011715565
4,272,"(9, 4)",0.0,0.0,1992.6249011715565
4,273,"(9, 4)",0.0,0.0,1992.6249011715565
4,274,"(9, 4)",0.0,0.0,1992.6249011715565
4,275,"(9, 4)",0.0,0.0,1992.6249011715565
4,276,"(9, 4)",0.0,0.0,1992.6249011715565
4,277,"(9, 4)",0.0,0.0,1992.6249011715565
4,278,"(9, 4)",0.0,0.0,1992.6249011715565
4,279,"(9, 4)",0.0,0.0,1992.6249011715565
4,280,"(9, 4)",0.0,0.0,1992.6249011715565
4,281,"(9, 4)",0.0,0.0,1992.6249011715565
4,282,"(9, 4)",0.0,0.0,1992.6249011715565
4,283,"(9, 4)",0.0,0.0,1992.6249011715565
4,284,"(9, 4)",0.0,0.0,1992.6249011715565
4,285,"(9, 4)",0.0,0.0,1992.6249011715565
4,286,"(9, 4)",0.0,0.0,1992.6249011715565
4,287,"(9, 4)",0.0,0.0,1992.6249011715565
4,288,"(9, 4)",0.0,0.0,1992.6249011715565
4,289,"(9, 4)",0.0,0.0,1992.6249011715565
4,290,"(9, 4)",0.0,0.0,1992.6249011715565
4,291,"(9, 4)",0.0,0.0,1992.6249011715565
4,292,"(9, 4)",0.0,0.0,1992.6249011715565
4,293,"(9, 4)",0.0,0.0,1992.6249011715565
4,294,"(9, 4)",0.0,0.0,1992.6249011715565
4,295,"(9, 4)",0.0,0.0,1992.6249011715565
4,296,"(9, 4)",0.0,0.0,1992.6249011715565
4,297,"(9, 4)",0.0,0.0,1992.6249011715565
4,298,"(9, 4)",0.0,0.0,1992.6249011715565
4,299,"(9, 4)",0.0,0.0,1992.6249011715565
4,300,"(9, 4)",0.0,0.0,1992.6249011715565
4,301,"(9, 4)",0.0,0.0,1992.6249011715565
4,302,"(9, 4)",0.0,0.0,1992.6249011715565
4,303,"(9, 4)",0.0,0.0,1992.6249011715565
4,304,"(9, 4)",0.0,0.0,1992.6249011715565
4,305,"(9, 4)",0.0,0.0,1992.6249011715565
4,306,"(9, 4)",0.0,0.0,1992.6249011715565
4,307,"(9, 4)",0.0,0.0,1992.6249011715565
4,308,"(9, 4)",0.0,0.0,1992.6249011715565
4,309,"(9, 4)",0.0,0.0,1992.6249011715565
4,310,"(9, 4)",0.0,0.0,1992.6249011715565
4,311,"(9, 4)",0.0,0.0,1992.6249011715565
4,312,"(9, 4)",0.0,0.0,1992.6249011715565
4,313,"(9, 4)",0.0,0.0,1992.6249011715565
4,314,"(9, 4)",0.0,0.0,1992.6249011715565
4,315,"(9, 4)",0.0,0.0,1992.6249011715565
4,316,"(9, 4)",0.0,0.0,1992.6249011715565
4,317,"(9, 4)",0.0,0.0,1992.6249011715565
5,1,"(7, 1)",60000.0,40000.0,0.0
5,2,"(5, 3)",12000.0,48000.0,0.0
5,3,"(8, 1)",7200.0,4800.0,0.0
5,4,"(4, 0)",5760.0,1440.0,0.0
5,5,"(1, 4)",0.0,5760.0,0.0
5,6,"(9, 1)",0.0,0.0,0.0
5,7,"(5, 3)",0.0,0.0,0.0
5,8,"(3, 0)",0.0,0.0,0.0
5,9,"(5, 0)",0.0,0.0,0.0
5,10,"(2, 1)",0.0,0.0,0.0
5,11,"(8, 1)",0.0,0.0,0.0
5,12,"(0, 3)",0.0,0.0,0.0
5,13,"(4, 1)",0.0,0.0,0.0
5,14,"(2, 2)",0.0,0.0,0.0
5,15,"(8, 3)",0.0,0.0,0.0
5,16,"(9, 0)",0.0,0.0,0.0
5,17,"(9, 1)",0.0,0.0,0.0
5,18,"(5, 1)",0.0,0.0,0.0
5,19,"(0, 0)",0.0,0.0,0.0
5,20,"(1, 0)",0.0,0.0,0.0
5,21,"(2, 0)",0.0,0.0,0.0
5,22,"(8, 2)",0.0,0.0,0.0
5,23,"(3, 0)",0.0,0.0,0.0
5,24,"(1, 4)",0.0,0.0,0.0
5,25,"(8, 0)",0.0,0.0,0.0
5,26,"(5, 0)",0.0,0.0,0.0
5,27,"(9, 3)",0.0,0.0,0.0
5,28,"(7, 2)",0.0,0.0,0.0
5,29,"(6, 0)",0.0,0.0,0.0
5,30,"(9, 4)",0.0,0.0,0.0
5,31,"(0, 1)",0.0,0.0,0.0
5,32,"(9, 2)",0.0,0.0,0.0
5,33,"(2, 2)",0.0,0.0,0.0
5,34,"(0, 4)",0.0,0.0,0.0
5,35,"(2, 1)",0.0,0.0,0.0
5,36,"(4, 4)",0.0,0.0,0.0
5,37,"(0, 0)",0.0,0.0,0.0
5,38,"(2, 0)",0.0,0.0,0.0
5,39,"(4, 4)",0.0,0.0,0.0
5,40,"(0, 1)",0.0,0.0,0.0
5,41,"(6, 4)",0.0,0.0,0.0
5,42,"(0, 2)",0.0,0.0,0.0
5,43,"(4, 1)",0.0,0.0,0.0
5,44,"(3, 2)",0.0,0.0,0.0
5,45,"(7, 4)",0.0,0.0,0.0
5,46,"(3, 0)",0.0,0.0,0.0
5,47,"(5, 2)",0.0,0.0,0.0
5,48,"(8, 4)",0.0,0.0,0.0
5,49,"(2, 3)",0.0,0.0,0.0
5,50,"(0, 2)",0.0,0.0,0.0
5,51,"(8, 2)",0.0,0.0,0.0
5,52,"(8, 2)",0.0,0.0,0.0
5,53,"(1, 3)",0.0,0.0,0.0
5,54,"(1, 0)",0.0,0.0,0.0
5,55,"(3, 2)",0.0,0.0,0.0
5,56,"(7, 2)",0.0,0.0,0.0
5,57,"(1, 1)",0.0,0.0,0.0
5,58,"(8, 1)",0.0,0.0,0.0
5,59,"(6, 1)",0.0,0.0,0.0
5,60,"(0, 1)",0.0,0.0,0.0
5,61,"(8, 4)",0.0,0.0,0.0
5,62,"(5, 3)",0.0,0.0,0.0
5,63,"(3, 4)",0.0,0.0,0.0
5,64,"(2, 1)",0.0,0.0,0.0
5,65,"(2, 4)",0.0,0.0,0.0
5,66,"(6, 3)",0.0,0.0,0.0
5,67,"(8, 3)",0.0,0.0,0.0
5,68,"(8, 4)",0.0,0.0,0.0
5,69,"(9, 0)",0.0,0.0,0.0
5,70,"(9, 3)",0.0,0.0,0.0
5,71,"(4, 2)",0.0,0.0,0.0
5,72,"(0, 1)",0.0,0.0,0.0
5,73,"(2, 1)",0.0,0.0,0.0
5,74,"(9, 4)",0.0,0.0,0.0
5,75,"(1, 1)",0.0,0.0,0.0
5,76,"(5, 1)",0.0,0.0,0.0
5,77,"(6, 2)",0.0,0.0,0.0
5,78,"(7, 4)",0.0,0.0,0.0
5,79,"(4, 3)",0.0,0.0,0.0
5,80,"(4, 1)",0.0,0.0,0.0
5,81,"(0, 3)",0.0,0.0,0.0
5,82,"(7, 4)",0.0,0.0,0.0
5,83,"(2, 4)",0.0,0.0,0.0
5,84,"(9, 1)",0.0,0.0,0.0
5,85,"(9, 2)",0.0,0.0,0.0
5,86,"(9, 0)",0.0,0.0,0.0
5,87,"(3, 4)",0.0,0.0,0.0
5,88,"(1, 0)",0.0,0.0,0.0
5,89,"(2, 1)",0.0,0.0,0.0
5,90,"(2, 2)",0.0,0.0,0.0
5,91,"(3, 0)",0.0,0.0,0.0
5,92,"(6, 0)",0.0,0.0,0.0
5,93,"(0, 1)",0.0,0.0,0.0
5,94,"(5, 2)",0.0,0.0,0.0
5,95,"(3, 3)",0.0,0.0,0.0
5,96,"(4, 3)",0.0,0.0,0.0
5,97,"(9, 1)",0.0,0.0,0.0
5,98,"(2, 3)",0.0,0.0,0.0
5,99,"(0, 3)",0.0,0.0,0.0
5,100,"(5, 2)",0.0,0.0,0.0
5,101,"(9, 4)",0.0,0.0,0.0
5,102,"(4, 4)",0.0,0.0,0.0
5,103,"(9, 1)",0.0,0.0,0.0
5,104,"(2, 3)",0.0,0.0,0.0
5,105,"(5, 2)",0.0,0.0,0.0
5,106,"(7, 1)",0.0,0.0,0.0
5,107,"(5, 3)",0.0,0.0,0.0
5,108,"(1, 2)",0.0,0.0,0.0
5,109,"(4, 1)",0.0,0.0,0.0
5,110,"(9, 3)",0.0,0.0,0.0
5,111,"(4, 0)",0.0,0.0,0.0
5,112,"(8, 4)",0.0,0.0,0.0
5,113,"(8, 4)",0.0,0.0,0.0
5,114,"(5, 4)",0.0,0.0,0.0
5,115,"(7, 4)",0.0,0.0,0.0
5,116,"(5, 3)",0.0,0.0,0.0
5,117,"(8, 0)",0.0,0.0,0.0
5,118,"(9, 0)",0.0,0.0,0.0
5,119,"(0, 0)",0.0,0.0,0.0
5,120,"(0, 2)",0.0,0.0,0.0
5,121,"(7, 2)",0.0,0.0,0.0
5,122,"(9, 2)",0.0,0.0,0.0
5,123,"(9, 3)",0.0,0.0,0.0
5,124,"(6, 1)",0.0,0.0,0.0
5,125,"(9, 0)",0.0,0.0,0.0
5,126,"(5, 2)",0.0,0.0,0.0
5,127,"(3, 4)",0.0,0.0,0.0
5,128,"(0, 1)",0.0,0.0,0.0
5,129,"(7, 4)",0.0,0.0,0.0
5,130,"(9, 0)",0.0,0.0,0.0
5,131,"(9, 4)",0.0,0.0,0.0
5,132,"(6, 3)",0.0,0.0,0.0
5,133,"(4, 4)",0.0,0.0,0.0
5,134,"(7, 3)",0.0,0.0,0.0
5,135,"(3, 1)",0.0,0.0,0.0
5,136,"(4, 3)",0.0,0.0,0.0
5,137,"(5, 0)",0.0,0.0,0.0
5,138,"(3, 4)",0.0,0.0,0.0
5,139,"(7, 4)",0.0,0.0,0.0
5,140,"(8, 4)",0.0,0.0,0.0
5,141,"(2, 2)",0.0,0.0,0.0
5,142,"(8, 4)",0.0,0.0,0.0
5,143,"(3, 1)",0.0,0.0,0.0
5,144,"(5, 3)",0.0,0.0,0.0
5,145,"(2, 0)",0.0,0.0,0.0
5,146,"(1, 4)",0.0,0.0,0.0
5,147,"(1, 1)",0.0,0.0,0.0
5,148,"(6, 0)",0.0,0.0,0.0
5,149,"(3, 3)",0.0,0.0,0.0
5,150,"(4, 1)",0.0,0.0,0.0
5,151,"(1, 3)",0.0,0.0,0.0
5,152,"(8, 2)",0.0,0.0,0.0
5,153,"(0, 4)",0.0,0.0,0.0
5,154,"(6, 0)",0.0,0.0,0.0
5,155,"(0, 1)",0.0,0.0,0.0
5,156,"(2, 2)",0.0,0.0,0.0
5,157,"(1, 3)",0.0,0.0,0.0
5,158,"(5, 0)",0.0,0.0,0.0
5,159,"(6, 1)",0.0,0.0,0.0
5,160,"(4, 0)",0.0,0.0,0.0
5,161,"(8, 4)",0.0,0.0,0.0
5,162,"(8, 3)",0.0,0.0,0.0
5,163,"(4, 2)",0.0,0.0,0.0
5,164,"(3, 3)",0.0,0.0,0.0
5,165,"(7, 4)",0.0,0.0,0.0
5,166,"(2, 2)",0.0,0.0,0.0
5,167,"(0, 2)",0.0,0.0,0.0
5,168,"(6, 2)",0.0,0.0,0.0
5,169,"(0, 4)",0.0,0.0,0.0
5,170,"(0, 3)",0.0,0.0,0.0
5,171,"(5, 4)",0.0,0.0,0.0
5,172,"(9, 0)",0.0,0.0,0.0
5,173,"(2, 1)",0.0,0.0,0.0
5,174,"(1, 1)",0.0,0.0,0.0
5,175,"(4, 3)",0.0,0.0,0.0
5,176,"(2, 4)",0.0,0.0,0.0
5,177,"(8, 3)",0.0,0.0,0.0
5,178,"(2, 0)",0.0,0.0,0.0
5,179,"(7, 0)",0.0,0.0,0.0
5,180,"(4, 4)",0.0,0.0,0.0
5,181,"(6, 3)",0.0,0.0,0.0
5,182,"(4, 1)",0.0,0.0,0.0
5,183,"(7, 0)",0.0,0.0,0.0
5,184,"(1, 1)",0.0,0.0,0.0
5,185,"(4, 4)",0.0,0.0,0.0
5,186,"(4, 0)",0.0,0.0,0.0
5,187,"(6, 1)",0.0,0.0,0.0
5,188,"(1, 1)",0.0,0.0,0.0
5,189,"(5, 1)",0.0,0.0,0.0
5,190,"(4, 0)",0.0,0.0,0.0
5,191,"(3, 2)",0.0,0.0,0.0
5,192,"(3, 3)",0.0,0.0,0.0
5,193,"(4, 1)",0.0,0.0,0.0
5,194,"(6, 0)",0.0,0.0,0.0
5,195,"(0, 4)",0.0,0.0,0.0
5,196,"(7, 4)",0.0,0.0,0.0
5,197,"(0, 0)",0.0,0.0,0.0
5,198,"(3, 0)",0.0,0.0,0.0
5,199,"(1, 4)",0.0,0.0,0.0
5,200,"(8, 1)",0.0,0.0,0.0
5,201,"(1, 2)",0.0,0.0,0.0
5,202,"(9, 3)",0.0,0.0,0.0
5,203,"(1, 0)",0.0,0.0,0.0
5,204,"(4, 2)",0.0,0.0,0.0
5,205,"(8, 0)",0.0,0.0,0.0
5,206,"(1, 1)",0.0,0.0,0.0
5,207,"(0, 1)",0.0,0.0,0.0
5,208,"(0, 3)",0.0,0.0,0.0
5,209,"(6, 1)",0.0,0.0,0.0
5,210,"(8, 3)",0.0,0.0,0.0
5,211,"(4, 3)",0.0,0.0,0.0
5,212,"(0, 4)",0.0,0.0,0.0
5,213,"(8, 0)",0.0,0.0,0.0
5,214,"(5, 2)",0.0,0.0,0.0
5,215,"(6, 2)",0.0,0.0,0.0
5,216,"(3, 2)",0.0,0.0,0.0
5,217,"(7, 1)",0.0,0.0,0.0
5,218,"(8, 3)",0.0,0.0,0.0
5,219,"(4, 4)",0.0,0.0,0.0
5,220,"(1, 4)",0.0,0.0,0.0
5,221,"(2, 1)",0.0,0.0,0.0
5,222,"(1, 4)",0.0,0.0,0.0
5,223,"(8, 0)",0.0,0.0,0.0
5,224,"(4, 3)",0.0,0.0,0.0
5,225,"(2, 2)",0.0,0.0,0.0
5,226,"(1, 0)",0.0,0.0,0.0
5,227,"(7, 0)",0.0,0.0,0.0
5,228,"(4, 1)",0.0,0.0,0.0
5,229,"(2, 3)",0.0,0.0,0.0
5,230,"(9, 2)",0.0,0.0,0.0
5,231,"(1, 0)",0.0,0.0,0.0
5,232,"(5, 3)",0.0,0.0,0.0
5,233,"(1, 3)",0.0,0.0,0.0
5,234,"(4, 0)",0.0,0.0,0.0
5,235,"(5, 2)",0.0,0.0,0.0
5,236,"(8, 4)",0.0,0.0,0.0
5,237,"(9, 1)",0.0,0.0,0.0
5,238,"(1, 0)",0.0,0.0,0.0
5,239,"(7, 1)",0.0,0.0,0.0
5,240,"(0, 4)",0.0,0.0,0.0
5,241,"(3, 0)",0.0,0.0,0.0
5,242,"(2, 0)",0.0,0.0,0.0
5,243,"(4, 1)",0.0,0.0,0.0
5,244,"(6, 3)",0.0,0.0,0.0
5,245,"(9, 3)",0.0,0.0,0.0
5,246,"(9, 2)",0.0,0.0,0.0
5,247,"(7, 1)",0.0,0.0,0.0
5,248,"(5, 2)",0.0,0.0,0.0
5,249,"(3, 3)",0.0,0.0,0.0
5,250,"(5, 2)",0.0,0.0,0.0
5,251,"(0, 3)",0.0,0.0,0.0
5,252,"(1, 3)",0.0,0.0,0.0
5,253,"(5, 0)",0.0,0.0,0.0
5,254,"(8, 0)",0.0,0.0,0.0
5,255,"(2, 0)",0.0,0.0,0.0
5,256,"(0, 1)",0.0,0.0,0.0
5,257,"(6, 3)",0.0,0.0,0.0
5,258,"(5, 4)",0.0,0.0,0.0
5,259,"(5, 3)",0.0,0.0,0.0
5,260,"(5, 0)",0.0,0.0,0.0
5,261,"(3, 4)",0.0,0.0,0.0
5,262,"(0, 1)",0.0,0.0,0.0
5,263,"(5, 4)",0.0,0.0,0.0
5,264,"(4, 4)",0.0,0.0,0.0
5,265,"(9, 2)",0.0,0.0,0.0
5,266,"(4, 1)",0.0,0.0,0.0
5,267,"(8, 3)",0.0,0.0,0.0
5,268,"(2, 4)",0.0,0.0,0.0
5,269,"(6, 3)",0.0,0.0,0.0
5,270,"(1, 3)",0.0,0.0,0.0
5,271,"(2, 4)",0.0,0.0,0.0
5,272,"(2, 0)",0.0,0.0,0.0
5,273,"(4, 2)",0.0,0.0,0.0
5,274,"(1, 4)",0.0,0.0,0.0
5,275,"(9, 4)",0.0,0.0,0.0
5,276,"(0, 1)",0.0,0.0,0.0
5,277,"(2, 1)",0.0,0.0,0.0
5,278,"(4, 2)",0.0,0.0,0.0
5,279,"(1, 0)",0.0,0.0,0.0
5,280,"(8, 4)",0.0,0.0,0.0
5,281,"(6, 2)",0.0,0.0,0.0
5,282,"(7, 3)",0.0,0.0,0.0
5,283,"(8, 0)",0.0,0.0,0.0
5,284,"(9, 0)",0.0,0.0,0.0
5,285,"(8, 0)",0.0,0.0,0.0
5,286,"(9, 2)",0.0,0.0,0.0
5,287,"(6, 0)",0.0,0.0,0.0
5,288,"(0, 0)",0.0,0.0,0.0
5,289,"(8, 3)",0.0,0.0,0.0
5,290,"(0, 3)",0.0,0.0,0.0
5,291,"(2, 0)",0.0,0.0,0.0
5,292,"(0, 0)",0.0,0.0,0.0
5,293,"(2, 3)",0.0,0.0,0.0
5,294,"(8, 4)",0.0,0.0,0.0
5,295,"(1, 1)",0.0,0.0,0.0
5,296,"(8, 3)",0.0,0.0,0.0
5,297,"(8, 4)",0.0,0.0,0.0
5,298,"(1, 1)",0.0,0.0,0.0
5,299,"(0, 0)",0.0,0.0,0.0
5,300,"(2, 0)",0.0,0.0,0.0
5,301,"(3, 0)",0.0,0.0,0.0
5,302,"(3, 0)",0.0,0.0,0.0
5,303,"(2, 4)",0.0,0.0,0.0
5,304,"(8, 3)",0.0,0.0,0.0
5,305,"(3, 0)",0.0,0.0,0.0
5,306,"(2, 0)",0.0,0.0,0.0
5,307,"(3, 3)",0.0,0.0,0.0
5,308,"(7, 2)",0.0,0.0,0.0
5,309,"(8, 1)",0.0,0.0,0.0
5,310,"(7, 0)",0.0,0.0,0.0
5,311,"(9, 2)",0.0,0.0,0.0
5,312,"(9, 1)",0.0,0.0,0.0
5,313,"(6, 3)",0.0,0.0,0.0
5,314,"(1, 4)",0.0,0.0,0.0
5,315,"(7, 3)",0.0,0.0,0.0
5,316,"(4, 4)",0.0,0.0,0.0
5,317,"(8, 2)",0.0,0.0,0.0
6,1,"(1, 4)",0.0,100000.0,0.0
6,2,"(6, 1)",0.0,0.0,0.0
6,3,"(0, 3)",0.0,0.0,0.0
6,4,"(5, 4)",0.0,0.0,0.0
6,5,"(8, 1)",0.0,0.0,0.0
6,6,"(1, 4)",0.0,0.0,0.0
6,7,"(6, 4)",0.0,0.0,0.0
6,8,"(0, 3)",0.0,0.0,0.0
6,9,"(7, 3)",0.0,0.0,0.0
6,10,"(4, 3)",0.0,0.0,0.0
6,11,"(0, 2)",0.0,0.0,0.0
6,12,"(6, 4)",0.0,0.0,0.0
6,13,"(6, 1)",0.0,0.0,0.0
6,14,"(3, 2)",0.0,0.0,0.0
6,15,"(9, 1)",0.0,0.0,0.0
6,16,"(8, 4)",0.0,0.0,0.0
6,17,"(3, 0)",0.0,0.0,0.0
6,18,"(8, 1)",0.0,0.0,0.0
6,19,"(2, 0)",0.0,0.0,0.0
6,20,"(2, 1)",0.0,0.0,0.0
6,21,"(5, 2)",0.0,0.0,0.0
6,22,"(7, 1)",0.0,0.0,0.0
6,23,"(5, 3)",0.0,0.0,0.0
6,24,"(2, 1)",0.0,0.0,0.0
6,25,"(6, 1)",0.0,0.0,0.0
6,26,"(8, 2)",0.0,0.0,0.0
6,27,"(1, 3)",0.0,0.0,0.0
6,28,"(0, 1)",0.0,0.0,0.0
6,29,"(6, 3)",0.0,0.0,0.0
6,30,"(4, 2)",0.0,0.0,0.0
6,31,"(9, 4)",0.0,0.0,0.0
6,32,"(8, 0)",0.0,0.0,0.0
6,33,"(1, 3)",0.0,0.0,0.0
6,34,"(0, 4)",0.0,0.0,0.0
6,35,"(7, 1)",0.0,0.0,0.0
6,36,"(3, 3)",0.0,0.0,0.0
6,37,"(8, 0)",0.0,0.0,0.0
6,38,"(2, 3)",0.0,0.0,0.0
6,39,"(4, 3)",0.0,0.0,0.0
6,40,"(5, 3)",0.0,0.0,0.0
6,41,"(1, 3)",0.0,0.0,0.0
6,42,"(9, 4)",0.0,0.0,0.0
6,43,"(5, 0)",0.0,0.0,0.0
6,44,"(6, 3)",0.0,0.0,0.0
6,45,"(9, 4)",0.0,0.0,0.0
6,46,"(1, 3)",0.0,0.0,0.0
6,47,"(2, 3)",0.0,0.0,0.0
6,48,"(5, 4)",0.0,0.0,0.0
6,49,"(0, 1)",0.0,0.0,0.0
6,50,"(2, 0)",0.0,0.0,0.0
6,51,"(2, 2)",0.0,0.0,0.0
6,52,"(1, 3)",0.0,0.0,0.0
6,53,"(6, 1)",0.0,0.0,0.0
6,54,"(4, 2)",0.0,0.0,0.0
6,55,"(4, 3)",0.0,0.0,0.0
6,56,"(8, 3)",0.0,0.0,0.0
6,57,"(8, 3)",0.0,0.0,0.0
6,58,"(3, 0)",0.0,0.0,0.0
6,59,"(4, 4)",0.0,0.0,0.0
6,60,"(7, 0)",0.0,0.0,0.0
6,61,"(4, 0)",0.0,0.0,0.0
6,62,"(9, 1)",0.0,0.0,0.0
6,63,"(6, 3)",0.0,0.0,0.0
6,64,"(4, 2)",0.0,0.0,0.0
6,65,"(5, 1)",0.0,0.0,0.0
6,66,"(2, 2)",0.0,0.0,0.0
6,67,"(5, 2)",0.0,0.0,0.0
6,68,"(8, 1)",0.0,0.0,0.0
6,69,"(7, 0)",0.0,0.0,0.0
6,70,"(3, 4)",0.0,0.0,0.0
6,71,"(9, 4)",0.0,0.0,0.0
6,72,"(8, 1)",0.0,0.0,0.0
6,73,"(4, 2)",0.0,0.0,0.0
6,74,"(4, 3)",0.0,0.0,0.0
6,75,"(7, 0)",0.0,0.0,0.0
6,76,"(4, 1)",0.0,0.0,0.0
6,77,"(6, 1)",0.0,0.0,0.0
6,78,"(7, 1)",0.0,0.0,0.0
6,79,"(8, 2)",0.0,0.0,0.0
6,80,"(9, 1)",0.0,0.0,0.0
6,81,"(2, 1)",0.0,0.0,0.0
6,82,"(7, 3)",0.0,0.0,0.0
6,83,"(7, 1)",0.0,0.0,0.0
6,84,"(6, 2)",0.0,0.0,0.0
6,85,"(3, 4)",0.0,0.0,0.0
6,86,"(0, 0)",0.0,0.0,0.0
6,87,"(1, 1)",0.0,0.0,0.0
6,88,"(7, 0)",0.0,0.0,0.0
6,89,"(0, 0)",0.0,0.0,0.0
6,90,"(1, 1)",0.0,0.0,0.0
6,91,"(8, 2)",0.0,0.0,0.0
6,92,"(5, 2)",0.0,0.0,0.0
6,93,"(9, 4)",0.0,0.0,0.0
6,94,"(8, 4)",0.0,0.0,0.0
6,95,"(9, 4)",0.0,0.0,0.0
6,96,"(1, 2)",0.0,0.0,0.0
6,97,"(2, 2)",0.0,0.0,0.0
6,98,"(2, 3)",0.0,0.0,0.0
6,99,"(4, 3)",0.0,0.0,0.0
6,100,"(7, 2)",0.0,0.0,0.0
6,101,"(7, 0)",0.0,0.0,0.0
6,102,"(0, 1)",0.0,0.0,0.0
6,103,"(1, 3)",0.0,0.0,0.0
6,104,"(5, 3)",0.0,0.0,0.0
6,105,"(6, 3)",0.0,0.0,0.0
6,106,"(1, 3)",0.0,0.0,0.0
6,107,"(4, 3)",0.0,0.0,0.0
6,108,"(8, 0)",0.0,0.0,0.0
6,109,"(4, 4)",0.0,0.0,0.0
6,110,"(5, 0)",0.0,0.0,0.0
6,111,"(8, 3)",0.0,0.0,0.0
6,112,"(2, 1)",0.0,0.0,0.0
6,113,"(4, 0)",0.0,0.0,0.0
6,114,"(3, 2)",0.0,0.0,0.0
6,115,"(3, 1)",0.0,0.0,0.0
6,116,"(1, 1)",0.0,0.0,0.0
6,117,"(4, 1)",0.0,0.0,0.0
6,118,"(9, 3)",0.0,0.0,0.0
6,119,"(6, 3)",0.0,0.0,0.0
6,120,"(2, 2)",0.0,0.0,0.0
6,121,"(7, 0)",0.0,0.0,0.0
6,122,"(5, 0)",0.0,0.0,0.0
6,123,"(5, 1)",0.0,0.0,0.0
6,124,"(4, 0)",0.0,0.0,0.0
6,125,"(7, 0)",0.0,0.0,0.0
6,126,"(9, 4)",0.0,0.0,0.0
6,127,"(3, 1)",0.0,0.0,0.0
6,128,"(1, 2)",0.0,0.0,0.0
6,129,"(9, 3)",0.0,0.0,0.0
6,130,"(5, 0)",0.0,0.0,0.0
6,131,"(3, 3)",0.0,0.0,0.0
6,132,"(0, 1)",0.0,0.0,0.0
6,133,"(0, 1)",0.0,0.0,0.0
6,134,"(1, 0)",0.0,0.0,0.0
6,135,"(0, 4)",0.0,0.0,0.0
6,136,"(9, 4)",0.0,0.0,0.0
6,137,"(6, 0)",0.0,0.0,0.0
6,138,"(1, 2)",0.0,0.0,0.0
6,139,"(6, 3)",0.0,0.0,0.0
6,140,"(3, 3)",0.0,0.0,0.0
6,141,"(5, 0)",0.0,0.0,0.0
6,142,"(7, 1)",0.0,0.0,0.0
6,143,"(0, 0)",0.0,0.0,0.0
6,144,"(0, 3)",0.0,0.0,0.0
6,145,"(6, 3)",0.0,0.0,0.0
6,146,"(0, 4)",0.0,0.0,0.0
6,147,"(7, 2)",0.0,0.0,0.0
6,148,"(6, 2)",0.0,0.0,0.0
6,149,"(1, 1)",0.0,0.0,0.0
6,150,"(0, 4)",0.0,0.0,0.0
6,151,"(2, 0)",0.0,0.0,0.0
6,152,"(2, 0)",0.0,0.0,0.0
6,153,"(8, 0)",0.0,0.0,0.0
6,154,"(8, 3)",0.0,0.0,0.0
6,155,"(0, 3)",0.0,0.0,0.0
6,156,"(3, 2)",0.0,0.0,0.0
6,157,"(9, 2)",0.0,0.0,0.0
6,158,"(5, 0)",0.0,0.0,0.0
6,159,"(5, 4)",0.0,0.0,0.0
6,160,"(8, 4)",0.0,0.0,0.0
6,161,"(7, 0)",0.0,0.0,0.0
6,162,"(2, 4)",0.0,0.0,0.0
6,163,"(6, 2)",0.0,0.0,0.0
6,164,"(5, 2)",0.0,0.0,0.0
6,165,"(8, 1)",0.0,0.0,0.0
6,166,"(9, 2)",0.0,0.0,0.0
6,167,"(8, 4)",0.0,0.0,0.0
6,168,"(2, 0)",0.0,0.0,0.0
6,169,"(7, 1)",0.0,0.0,0.0
6,170,"(3, 2)",0.0,0.0,0.0
6,171,"(2, 2)",0.0,0.0,0.0
6,172,"(6, 4)",0.0,0.0,0.0
6,173,"(3, 1)",0.0,0.0,0.0
6,174,"(4, 3)",0.0,0.0,0.0
6,175,"(1, 2)",0.0,0.0,0.0
6,176,"(7, 2)",0.0,0.0,0.0
6,177,"(6, 3)",0.0,0.0,0.0
6,178,"(0, 3)",0.0,0.0,0.0
6,179,"(8, 4)",0.0,0.0,0.0
6,180,"(8, 3)",0.0,0.0,0.0
6,181,"(4, 4)",0.0,0.0,0.0
6,182,"(4, 1)",0.0,0.0,0.0
6,183,"(8, 0)",0.0,0.0,0.0
6,184,"(7, 2)",0.0,0.0,0.0
6,185,"(4, 2)",0.0,0.0,0.0
6,186,"(0, 4)",0.0,0.0,0.0
6,187,"(9, 3)",0.0,0.0,0.0
6,188,"(9, 3)",0.0,0.0,0.0
6,189,"(9, 4)",0.0,0.0,0.0
6,190,"(5, 2)",0.0,0.0,0.0
6,191,"(1, 2)",0.0,0.0,0.0
6,192,"(6, 3)",0.0,0.0,0.0
6,193,"(6, 0)",0.0,0.0,0.0
6,194,"(5, 3)",0.0,0.0,0.0
6,195,"(2, 0)",0.0,0.0,0.0
6,196,"(5, 3)",0.0,0.0,0.0
6,197,"(9, 3)",0.0,0.0,0.0
6,198,"(5, 4)",0.0,0.0,0.0
6,199,"(7, 0)",0.0,0.0,0.0
6,200,"(4, 3)",0.0,0.0,0.0
6,201,"(5, 1)",0.0,0.0,0.0
6,202,"(4, 2)",0.0,0.0,0.0
6,203,"(8, 2)",0.0,0.0,0.0
6,204,"(2, 1)",0.0,0.0,0.0
6,205,"(2, 3)",0.0,0.0,0.0
6,206,"(0, 3)",0.0,0.0,0.0
6,207,"(5, 2)",0.0,0.0,0.0
6,208,"(4, 1)",0.0,0.0,0.0
6,209,"(9, 1)",0.0,0.0,0.0
6,210,"(2, 4)",0.0,0.0,0.0
6,211,"(8, 1)",0.0,0.0,0.0
6,212,"(6, 3)",0.0,0.0,0.0
6,213,"(8, 4)",0.0,0.0,0.0
6,214,"(7, 2)",0.0,0.0,0.0
6,215,"(5, 3)",0.0,0.0,0.0
6,216,"(9, 4)",0.0,0.0,0.0
6,217,"(0, 2)",0.0,0.0,0.0
6,218,"(0, 0)",0.0,0.0,0.0
6,219,"(6, 0)",0.0,0.0,0.0
6,220,"(5, 3)",0.0,0.0,0.0
6,221,"(8, 1)",0.0,0.0,0.0
6,222,"(8, 4)",0.0,0.0,0.0
6,223,"(6, 4)",0.0,0.0,0.0
6,224,"(5, 1)",0.0,0.0,0.0
6,225,"(5, 3)",0.0,0.0,0.0
6,226,"(6, 4)",0.0,0.0,0.0
6,227,"(2, 2)",0.0,0.0,0.0
6,228,"(5, 0)",0.0,0.0,0.0
6,229,"(9, 4)",0.0,0.0,0.0
6,230,"(9, 0)",0.0,0.0,0.0
6,231,"(3, 2)",0.0,0.0,0.0
6,232,"(3, 2)",0.0,0.0,0.0
6,233,"(3, 3)",0.0,0.0,0.0
6,234,"(2, 3)",0.0,0.0,0.0
6,235,"(2, 3)",0.0,0.0,0.0
6,236,"(1, 4)",0.0,0.0,0.0
6,237,"(6, 1)",0.0,0.0,0.0
6,238,"(8, 3)",0.0,0.0,0.0
6,239,"(2, 4)",0.0,0.0,0.0
6,240,"(9, 1)",0.0,0.0,0.0
6,241,"(1, 4)",0.0,0.0,0.0
6,242,"(2, 0)",0.0,0.0,0.0
6,243,"(8, 1)",0.0,0.0,0.0
6,244,"(8, 1)",0.0,0.0,0.0
6,245,"(5, 2)",0.0,0.0,0.0
6,246,"(0, 1)",0.0,0.0,0.0
6,247,"(3, 3)",0.0,0.0,0.0
6,248,"(9, 3)",0.0,0.0,0.0
6,249,"(6, 3)",0.0,0.0,0.0
6,250,"(3, 3)",0.0,0.0,0.0
6,251,"(0, 2)",0.0,0.0,0.0
6,252,"(0, 3)",0.0,0.0,0.0
6,253,"(3, 4)",0.0,0.0,0.0
6,254,"(7, 2)",0.0,0.0,0.0
6,255,"(8, 0)",0.0,0.0,0.0
6,256,"(5, 3)",0.0,0.0,0.0
6,257,"(3, 2)",0.0,0.0,0.0
6,258,"(7, 3)",0.0,0.0,0.0
6,259,"(5, 3)",0.0,0.0,0.0
6,260,"(4, 0)",0.0,0.0,0.0
6,261,"(1, 4)",0.0,0.0,0.0
6,262,"(0, 1)",0.0,0.0,0.0
6,263,"(7, 2)",0.0,0.0,0.0
6,264,"(1, 4)",0.0,0.0,0.0
6,265,"(4, 4)",0.0,0.0,0.0
6,266,"(0, 0)",0.0,0.0,0.0
6,267,"(7, 4)",0.0,0.0,0.0
6,268,"(1, 2)",0.0,0.0,0.0
6,269,"(5, 3)",0.0,0.0,0.0
6,270,"(4, 4)",0.0,0.0,0.0
6,271,"(6, 0)",0.0,0.0,0.0
6,272,"(6, 0)",0.0,0.0,0.0
6,273,"(1, 2)",0.0,0.0,0.0
6,274,"(0, 0)",0.0,0.0,0.0
6,275,"(6, 0)",0.0,0.0,0.0
6,276,"(4, 0)",0.0,0.0,0.0
6,277,"(0, 1)",0.0,0.0,0.0
6,278,"(8, 3)",0.0,0.0,0.0
6,279,"(7, 1)",0.0,0.0,0.0
6,280,"(6, 0)",0.0,0.0,0.0
6,281,"(8, 2)",0.0,0.0,0.0
6,282,"(9, 1)",0.0,0.0,0.0
6,283,"(1, 3)",0.0,0.0,0.0
6,284,"(4, 0)",0.0,0.0,0.0
6,285,"(7, 0)",0.0,0.0,0.0
6,286,"(6, 2)",0.0,0.0,0.0
6,287,"(2, 0)",0.0,0.0,0.0
6,288,"(8, 3)",0.0,0.0,0.0
6,289,"(6, 1)",0.0,0.0,0.0
6,290,"(2, 0)",0.0,0.0,0.0
6,291,"(3, 3)",0.0,0.0,0.0
6,292,"(4, 4)",0.0,0.0,0.0
6,293,"(8, 4)",0.0,0.0,0.0
6,294,"(3, 3)",0.0,0.0,0.0
6,295,"(2, 2)",0.0,0.0,0.0
6,296,"(6, 0)",0.0,0.0,0.0
6,297,"(9, 2)",0.0,0.0,0.0
6,298,"(7, 1)",0.0,0.0,0.0
6,299,"(9, 0)",0.0,0.0,0.0
6,300,"(2, 2)",0.0,0.0,0.0
6,301,"(5, 0)",0.0,0.0,0.0
6,302,"(3, 3)",0.0,0.0,0.0
6,303,"(9, 4)",0.0,0.0,0.0
6,304,"(7, 0)",0.0,0.0,0.0
6,305,"(1, 3)",0.0,0.0,0.0
6,306,"(6, 4)",0.0,0.0,0.0
6,307,"(8, 3)",0.0,0.0,0.0
6,308,"(6, 2)",0.0,0.0,0.0
6,309,"(3, 2)",0.0,0.0,0.0
6,310,"(6, 2)",0.0,0.0,0.0
6,311,"(1, 3)",0.0,0.0,0.0
6,312,"(6, 3)",0.0,0.0,0.0
6,313,"(5, 1)",0.0,0.0,0.0
6,314,"(9, 2)",0.0,0.0,0.0
6,315,"(8, 3)",0.0,0.0,0.0
6,316,"(6, 1)",0.0,0.0,0.0
6,317,"(9, 0)",0.0,0.0,0.0
7,1,"(7, 0)",80000.0,20000.0,0.0
7,2,"(5, 2)",32000.0,48000.0,0.0
7,3,"(8, 1)",19200.0,12800.0,0.0
7,4,"(0, 2)",7680.0,11520.0,0.0
7,5,"(0, 1)",4608.0,3072.0,0.0
7,6,"(7, 4)",0.0,4608.0,0.0
7,7,"(7, 1)",0.0,0.0,0.0
7,8,"(2, 1)",0.0,0.0,0.0
7,9,"(2, 1)",0.0,0.0,0.0
7,10,"(3, 0)",0.0,0.0,0.0
7,11,"(0, 4)",0.0,0.0,0.0
7,12,"(5, 0)",0.0,0.0,0.0
7,13,"(8, 1)",0.0,0.0,0.0
7,14,"(0, 4)",0.0,0.0,0.0
7,15,"(5, 1)",0.0,0.0,0.0
7,16,"(5, 4)",0.0,0.0,0.0
7,17,"(7, 4)",0.0,0.0,0.0
7,18,"(2, 1)",0.0,0.0,0.0
7,19,"(3, 4)",0.0,0.0,0.0
7,20,"(7, 1)",0.0,0.0,0.0
7,21,"(7, 1)",0.0,0.0,0.0
7,22,"(3, 4)",0.0,0.0,0.0
7,23,"(2, 1)",0.0,0.0,0.0
7,24,"(4, 2)",0.0,0.0,0.0
7,25,"(4, 0)",0.0,0.0,0.0
7,26,"(4, 2)",0.0,0.0,0.0
7,27,"(9, 0)",0.0,0.0,0.0
7,28,"(9, 0)",0.0,0.0,0.0
7,29,"(4, 4)",0.0,0.0,0.0
7,30,"(0, 1)",0.0,0.0,0.0
7,31,"(6, 0)",0.0,0.0,0.0
7,32,"(1, 1)",0.0,0.0,0.0
7,33,"(5, 1)",0.0,0.0,0.0
7,34,"(5, 1)",0.0,0.0,0.0
7,35,"(5, 2)",0.0,0.0,0.0
7,36,"(1, 2)",0.0,0.0,0.0
7,37,"(6, 2)",0.0,0.0,0.0
7,38,"(3, 4)",0.0,0.0,0.0
7,39,"(8, 1)",0.0,0.0,0.0
7,40,"(4, 3)",0.0,0.0,0.0
7,41,"(3, 0)",0.0,0.0,0.0
7,42,"(5, 4)",0.0,0.0,0.0
7,43,"(6, 4)",0.0,0.0,0.0
7,44,"(3, 1)",0.0,0.0,0.0
7,45,"(5, 4)",0.0,0.0,0.0
7,46,"(2, 3)",0.0,0.0,0.0
7,47,"(6, 3)",0.0,0.0,0.0
7,48,"(0, 2)",0.0,0.0,0.0
7,49,"(2, 0)",0.0,0.0,0.0
7,50,"(1, 0)",0.0,0.0,0.0
7,51,"(0, 0)",0.0,0.0,0.0
7,52,"(2, 2)",0.0,0.0,0.0
7,53,"(7, 2)",0.0,0.0,0.0
7,54,"(7, 2)",0.0,0.0,0.0
7,55,"(0, 0)",0.0,0.0,0.0
7,56,"(9, 0)",0.0,0.0,0.0
7,57,"(3, 4)",0.0,0.0,0.0
7,58,"(2, 4)",0.0,0.0,0.0
7,59,"(5, 2)",0.0,0.0,0.0
7,60,"(5, 2)",0.0,0.0,0.0
7,61,"(3, 2)",0.0,0.0,0.0
7,62,"(6, 1)",0.0,0.0,0.0
7,63,"(3, 3)",0.0,0.0,0.0
7,64,"(5, 1)",0.0,0.0,0.0
7,65,"(1, 4)",0.0,0.0,0.0
7,66,"(7, 0)",0.0,0.0,0.0
7,67,"(7, 4)",0.0,0.0,0.0
7,68,"(7, 3)",0.0,0.0,0.0
7,69,"(7, 0)",0.0,0.0,0.0
7,70,"(2, 4)",0.0,0.0,0.0
7,71,"(3, 3)",0.0,0.0,0.0
7,72,"(5, 4)",0.0,0.0,0.0
7,73,"(2, 2)",0.0,0.0,0.0
7,74,"(6, 1)",0.0,0.0,0.0
7,75,"(6, 1)",0.0,0.0,0.0
7,76,"(6, 0)",0.0,0.0,0.0
7,77,"(6, 1)",0.0,0.0,0.0
7,78,"(3, 2)",0.0,0.0,0.0
7,79,"(3, 0)",0.0,0.0,0.0
7,80,"(8, 0)",0.0,0.0,0.0
7,81,"(0, 1)",0.0,0.0,0.0
7,82,"(2, 0)",0.0,0.0,0.0
7,83,"(9, 4)",0.0,0.0,0.0
7,84,"(1, 0)",0.0,0.0,0.0
7,85,"(3, 1)",0.0,0.0,0.0
7,86,"(7, 4)",0.0,0.0,0.0
7,87,"(8, 4)",0.0,0.0,0.0
7,88,"(5, 4)",0.0,0.0,0.0
7,89,"(6, 4)",0.0,0.0,0.0
7,90,"(7, 2)",0.0,0.0,0.0
7,91,"(7, 1)",0.0,0.0,0.0
7,92,"(6, 3)",0.0,0.0,0.0
7,93,"(0, 0)",0.0,0.0,0.0
7,94,"(0, 0)",0.0,0.0,0.0
7,95,"(3, 4)",0.0,0.0,0.0
7,96,"(8, 1)",0.0,0.0,0.0
7,97,"(8, 1)",0.0,0.0,0.0
7,98,"(1, 0)",0.0,0.0,0.0
7,99,"(2, 2)",0.0,0.0,0.0
7,100,"(6, 2)",0.0,0.0,0.0
7,101,"(9, 1)",0.0,0.0,0.0
7,102,"(9, 1)",0.0,0.0,0.0
7,103,"(1, 0)",0.0,0.0,0.0
7,104,"(4, 3)",0.0,0.0,0.0
7,105,"(5, 0)",0.0,0.0,0.0
7,106,"(0, 2)",0.0,0.0,0.0
7,107,"(2, 0)",0.0,0.0,0.0
7,108,"(6, 1)",0.0,0.0,0.0
7,109,"(8, 2)",0.0,0.0,0.0
7,110,"(3, 4)",0.0,0.0,0.0
7,111,"(0, 3)",0.0,0.0,0.0
7,112,"(4, 4)",0.0,0.0,0.0
7,113,"(1, 4)",0.0,0.0,0.0
7,114,"(5, 2)",0.0,0.0,0.0
7,115,"(2, 4)",0.0,0.0,0.0
7,116,"(8, 0)",0.0,0.0,0.0
7,117,"(7, 1)",0.0,0.0,0.0
7,118,"(5, 4)",0.0,0.0,0.0
7,119,"(2, 2)",0.0,0.0,0.0
7,120,"(5, 3)",0.0,0.0,0.0
7,121,"(6, 4)",0.0,0.0,0.0
7,122,"(5, 2)",0.0,0.0,0.0
7,123,"(5, 0)",0.0,0.0,0.0
7,124,"(6, 4)",0.0,0.0,0.0
7,125,"(7, 0)",0.0,0.0,0.0
7,126,"(2, 4)",0.0,0.0,0.0
7,127,"(0, 3)",0.0,0.0,0.0
7,128,"(0, 3)",0.0,0.0,0.0
7,129,"(5, 1)",0.0,0.0,0.0
7,130,"(5, 0)",0.0,0.0,0.0
7,131,"(1, 0)",0.0,0.0,0.0
7,132,"(0, 3)",0.0,0.0,0.0
7,133,"(6, 2)",0.0,0.0,0.0
7,134,"(1, 4)",0.0,0.0,0.0
7,135,"(1, 1)",0.0,0.0,0.0
7,136,"(8, 3)",0.0,0.0,0.0
7,137,"(3, 3)",0.0,0.0,0.0
7,138,"(2, 1)",0.0,0.0,0.0
7,139,"(4, 3)",0.0,0.0,0.0
7,140,"(8, 0)",0.0,0.0,0.0
7,141,"(3, 4)",0.0,0.0,0.0
7,142,"(4, 1)",0.0,0.0,0.0
7,143,"(1, 3)",0.0,0.0,0.0
7,144,"(6, 0)",0.0,0.0,0.0
7,145,"(0, 0)",0.0,0.0,0.0
7,146,"(9, 0)",0.0,0.0,0.0
7,147,"(3, 3)",0.0,0.0,0.0
7,148,"(5, 4)",0.0,0.0,0.0
7,149,"(6, 1)",0.0,0.0,0.0
7,150,"(4, 3)",0.0,0.0,0.0
7,151,"(7, 1)",0.0,0.0,0.0
7,152,"(6, 4)",0.0,0.0,0.0
7,153,"(2, 4)",0.0,0.0,0.0
7,154,"(7, 1)",0.0,0.0,0.0
7,155,"(5, 1)",0.0,0.0,0.0
7,156,"(4, 0)",0.0,0.0,0.0
7,157,"(6, 2)",0.0,0.0,0.0
7,158,"(1, 3)",0.0,0.0,0.0
7,159,"(4, 3)",0.0,0.0,0.0
7,160,"(9, 3)",0.0,0.0,0.0
7,161,"(2, 3)",0.0,0.0,0.0
7,162,"(8, 1)",0.0,0.0,0.0
7,163,"(9, 0)",0.0,0.0,0.0
7,164,"(6, 2)",0.0,0.0,0.0
7,165,"(8, 0)",0.0,0.0,0.0
7,166,"(6, 1)",0.0,0.0,0.0
7,167,"(0, 1)",0.0,0.0,0.0
7,168,"(2, 1)",0.0,0.0,0.0
7,169,"(4, 1)",0.0,0.0,0.0
7,170,"(1, 1)",0.0,0.0,0.0
7,171,"(2, 0)",0.0,0.0,0.0
7,172,"(1, 2)",0.0,0.0,0.0
7,173,"(6, 1)",0.0,0.0,0.0
7,174,"(7, 2)",0.0,0.0,0.0
7,175,"(9, 0)",0.0,0.0,0.0
7,176,"(7, 4)",0.0,0.0,0.0
7,177,"(6, 2)",0.0,0.0,0.0
7,178,"(1, 4)",0.0,0.0,0.0
7,179,"(4, 2)",0.0,0.0,0.0
7,180,"(6, 2)",0.0,0.0,0.0
7,181,"(8, 1)",0.0,0.0,0.0
7,182,"(5, 4)",0.0,0.0,0.0
7,183,"(8, 3)",0.0,0.0,0.0
7,184,"(1, 4)",0.0,0.0,0.0
7,185,"(8, 1)",0.0,0.0,0.0
7,186,"(7, 2)",0.0,0.0,0.0
7,187,"(1, 0)",0.0,0.0,0.0
7,188,"(1, 0)",0.0,0.0,0.0
7,189,"(6, 3)",0.0,0.0,0.0
7,190,"(6, 2)",0.0,0.0,0.0
7,191,"(3, 2)",0.0,0.0,0.0
7,192,"(8, 2)",0.0,0.0,0.0
7,193,"(9, 3)",0.0,0.0,0.0
7,194,"(4, 4)",0.0,0.0,0.0
7,195,"(3, 4)",0.0,0.0,0.0
7,196,"(2, 0)",0.0,0.0,0.0
7,197,"(4, 0)",0.0,0.0,0.0
7,198,"(7, 1)",0.0,0.0,0.0
7,199,"(8, 0)",0.0,0.0,0.0
7,200,"(5, 0)",0.0,0.0,0.0
7,201,"(5, 3)",0.0,0.0,0.0
7,202,"(2, 4)",0.0,0.0,0.0
7,203,"(4, 1)",0.0,0.0,0.0
7,204,"(2, 2)",0.0,0.0,0.0
7,205,"(1, 1)",0.0,0.0,0.0
7,206,"(0, 4)",0.0,0.0,0.0
7,207,"(9, 4)",0.0,0.0,0.0
7,208,"(6, 2)",0.0,0.0,0.0
7,209,"(0, 2)",0.0,0.0,0.0
7,210,"(2, 1)",0.0,0.0,0.0
7,211,"(5, 3)",0.0,0.0,0.0
7,212,"(8, 0)",0.0,0.0,0.0
7,213,"(5, 2)",0.0,0.0,0.0
7,214,"(8, 3)",0.0,0.0,0.0
7,215,"(4, 3)",0.0,0.0,0.0
7,216,"(5, 2)",0.0,0.0,0.0
7,217,"(5, 0)",0.0,0.0,0.0
7,218,"(8, 1)",0.0,0.0,0.0
7,219,"(8, 2)",0.0,0.0,0.0
7,220,"(2, 3)",0.0,0.0,0.0
7,221,"(3, 3)",0.0,0.0,0.0
7,222,"(0, 4)",0.0,0.0,0.0
7,223,"(9, 2)",0.0,0.0,0.0
7,224,"(6, 0)",0.0,0.0,0.0
7,225,"(4, 3)",0.0,0.0,0.0
7,226,"(4, 1)",0.0,0.0,0.0
7,227,"(4, 2)",0.0,0.0,0.0
7,228,"(6, 2)",0.0,0.0,0.0
7,229,"(9, 2)",0.0,0.0,0.0
7,230,"(3, 4)",0.0,0.0,0.0
7,231,"(7, 0)",0.0,0.0,0.0
7,232,"(0, 1)",0.0,0.0,0.0
7,233,"(1, 1)",0.0,0.0,0.0
7,234,"(1, 3)",0.0,0.0,0.0
7,235,"(7, 2)",0.0,0.0,0.0
7,236,"(7, 0)",0.0,0.0,0.0
7,237,"(3, 3)",0.0,0.0,0.0
7,238,"(3, 0)",0.0,0.0,0.0
7,239,"(4, 3)",0.0,0.0,0.0
7,240,"(3, 3)",0.0,0.0,0.0
7,241,"(2, 2)",0.0,0.0,0.0
7,242,"(9, 4)",0.0,0.0,0.0
7,243,"(9, 4)",0.0,0.0,0.0
7,244,"(0, 1)",0.0,0.0,0.0
7,245,"(0, 3)",0.0,0.0,0.0
7,246,"(7, 2)",0.0,0.0,0.0
7,247,"(1, 0)",0.0,0.0,0.0
7,248,"(9, 1)",0.0,0.0,0.0
7,249,"(3, 1)",0.0,0.0,0.0
7,250,"(7, 3)",0.0,0.0,0.0
7,251,"(8, 0)",0.0,0.0,0.0
7,252,"(3, 2)",0.0,0.0,0.0
7,253,"(5, 3)",0.0,0.0,0.0
7,254,"(0, 1)",0.0,0.0,0.0
7,255,"(2, 2)",0.0,0.0,0.0
7,256,"(9, 1)",0.0,0.0,0.0
7,257,"(8, 3)",0.0,0.0,0.0
7,258,"(8, 1)",0.0,0.0,0.0
7,259,"(7, 2)",0.0,0.0,0.0
7,260,"(6, 0)",0.0,0.0,0.0
7,261,"(9, 2)",0.0,0.0,0.0
7,262,"(1, 3)",0.0,0.0,0.0
7,263,"(6, 1)",0.0,0.0,0.0
7,264,"(4, 3)",0.0,0.0,0.0
7,265,"(9, 2)",0.0,0.0,0.0
7,266,"(7, 3)",0.0,0.0,0.0
7,267,"(5, 4)",0.0,0.0,0.0
7,268,"(5, 4)",0.0,0.0,0.0
7,269,"(1, 4)",0.0,0.0,0.0
7,270,"(5, 3)",0.0,0.0,0.0
7,271,"(4, 0)",0.0,0.0,0.0
7,272,"(8, 2)",0.0,0.0,0.0
7,273,"(4, 2)",0.0,0.0,0.0
7,274,"(2, 1)",0.0,0.0,0.0
7,275,"(5, 0)",0.0,0.0,0.0
7,276,"(8, 4)",0.0,0.0,0.0
7,277,"(4, 2)",0.0,0.0,0.0
7,278,"(7, 3)",0.0,0.0,0.0
7,279,"(5, 3)",0.0,0.0,0.0
7,280,"(8, 2)",0.0,0.0,0.0
7,281,"(1, 0)",0.0,0.0,0.0
7,282,"(0, 1)",0.0,0.0,0.0
7,283,"(1, 2)",0.0,0.0,0.0
7,284,"(7, 4)",0.0,0.0,0.0
7,285,"(2, 0)",0.0,0.0,0.0
7,286,"(3, 1)",0.0,0.0,0.0
7,287,"(5, 3)",0.0,0.0,0.0
7,288,"(2, 1)",0.0,0.0,0.0
7,289,"(0, 0)",0.0,0.0,0.0
7,290,"(0, 1)",0.0,0.0,0.0
7,291,"(6, 2)",0.0,0.0,0.0
7,292,"(9, 4)",0.0,0.0,0.0
7,293,"(7, 2)",0.0,0.0,0.0
7,294,"(1, 1)",0.0,0.0,0.0
7,295,"(6, 4)",0.0,0.0,0.0
7,296,"(8, 0)",0.0,0.0,0.0
7,297,"(4, 4)",0.0,0.0,0.0
7,298,"(9, 4)",0.0,0.0,0.0
7,299,"(6, 2)",0.0,0.0,0.0
7,300,"(7, 0)",0.0,0.0,0.0
7,301,"(8, 4)",0.0,0.0,0.0
7,302,"(6, 1)",0.0,0.0,0.0
7,303,"(0, 2)",0.0,0.0,0.0
7,304,"(0, 0)",0.0,0.0,0.0
7,305,"(6, 2)",0.0,0.0,0.0
7,306,"(7, 3)",0.0,0.0,0.0
7,307,"(0, 3)",0.0,0.0,0.0
7,308,"(8, 3)",0.0,0.0,0.0
7,309,"(4, 0)",0.0,0.0,0.0
7,310,"(3, 2)",0.0,0.0,0.0
7,311,"(1, 3)",0.0,0.0,0.0
7,312,"(2, 3)",0.0,0.0,0.0
7,313,"(3, 4)",0.0,0.0,0.0
7,314,"(6, 1)",0.0,0.0,0.0
7,315,"(7, 1)",0.0,0.0,0.0
7,316,"(9, 2)",0.0,0.0,0.0
7,317,"(4, 4)",0.0,0.0,0.0
8,1,"(3, 3)",20000.0,80000.0,0.0
8,2,"(8, 3)",4000.0,16000.0,0.0
8,3,"(6, 3)",800.0,3200.0,0.0
8,4,"(3, 2)",320.0,480.0,0.0
8,5,"(1, 0)",256.0,64.0,0.0
8,6,"(8, 4)",0.0,256.0,0.0
8,7,"(2, 1)",0.0,0.0,0.0
8,8,"(6, 0)",0.0,0.0,0.0
8,9,"(4, 3)",0.0,0.0,0.0
8,10,"(3, 2)",0.0,0.0,0.0
8,11,"(2, 3)",0.0,0.0,0.0
8,12,"(2, 4)",0.0,0.0,0.0
8,13,"(6, 3)",0.0,0.0,0.0
8,14,"(8, 2)",0.0,0.0,0.0
8,15,"(8, 3)",0.0,0.0,0.0
8,16,"(3, 0)",0.0,0.0,0.0
8,17,"(8, 1)",0.0,0.0,0.0
8,18,"(1, 1)",0.0,0.0,0.0
8,19,"(8, 2)",0.0,0.0,0.0
8,20,"(9, 3)",0.0,0.0,0.0
8,21,"(6, 1)",0.0,0.0,0.0
8,22,"(7, 3)",0.0,0.0,0.0
8,23,"(1, 3)",0.0,0.0,0.0
8,24,"(0, 0)",0.0,0.0,0.0
8,25,"(5, 0)",0.0,0.0,0.0
8,26,"(4, 0)",0.0,0.0,0.0
8,27,"(7, 1)",0.0,0.0,0.0
8,28,"(8, 3)",0.0,0.0,0.0
8,29,"(7, 2)",0.0,0.0,0.0
8,30,"(2, 1)",0.0,0.0,0.0
8,31,"(8, 0)",0.0,0.0,0.0
8,32,"(3, 2)",0.0,0.0,0.0
8,33,"(7, 3)",0.0,0.0,0.0
8,34,"(2, 4)",0.0,0.0,0.0
8,35,"(4, 4)",0.0,0.0,0.0
8,36,"(9, 4)",0.0,0.0,0.0
8,37,"(9, 2)",0.0,0.0,0.0
8,38,"(7, 3)",0.0,0.0,0.0
8,39,"(2, 4)",0.0,0.0,0.0
8,40,"(7, 2)",0.0,0.0,0.0
8,41,"(2, 1)",0.0,0.0,0.0
8,42,"(0, 2)",0.0,0.0,0.0
8,43,"(8, 4)",0.0,0.0,0.0
8,44,"(8, 0)",0.0,0.0,0.0
8,45,"(8, 2)",0.0,0.0,0.0
8,46,"(1, 3)",0.0,0.0,0.0
8,47,"(4, 3)",0.0,0.0,0.0
8,48,"(6, 2)",0.0,0.0,0.0
8,49,"(3, 1)",0.0,0.0,0.0
8,50,"(7, 2)",0.0,0.0,0.0
8,51,"(9, 2)",0.0,0.0,0.0
8,52,"(2, 4)",0.0,0.0,0.0
8,53,"(9, 3)",0.0,0.0,0.0
8,54,"(0, 0)",0.0,0.0,0.0
8,55,"(2, 3)",0.0,0.0,0.0
8,56,"(8, 3)",0.0,0.0,0.0
8,57,"(3, 1)",0.0,0.0,0.0
8,58,"(1, 3)",0.0,0.0,0.0
8,59,"(0, 1)",0.0,0.0,0.0
8,60,"(8, 0)",0.0,0.0,0.0
8,61,"(1, 1)",0.0,0.0,0.0
8,62,"(9, 4)",0.0,0.0,0.0
8,63,"(4, 3)",0.0,0.0,0.0
8,64,"(5, 4)",0.0,0.0,0.0
8,65,"(6, 0)",0.0,0.0,0.0
8,66,"(6, 0)",0.0,0.0,0.0
8,67,"(2, 1)",0.0,0.0,0.0
8,68,"(6, 0)",0.0,0.0,0.0
8,69,"(9, 4)",0.0,0.0,0.0
8,70,"(3, 4)",0.0,0.0,0.0
8,71,"(7, 4)",0.0,0.0,0.0
8,72,"(7, 4)",0.0,0.0,0.0
8,73,"(9, 4)",0.0,0.0,0.0
8,74,"(1, 0)",0.0,0.0,0.0
8,75,"(1, 3)",0.0,0.0,0.0
8,76,"(7, 2)",0.0,0.0,0.0
8,77,"(2, 0)",0.0,0.0,0.0
8,78,"(4, 4)",0.0,0.0,0.0
8,79,"(1, 3)",0.0,0.0,0.0
8,80,"(9, 0)",0.0,0.0,0.0
8,81,"(1, 2)",0.0,0.0,0.0
8,82,"(5, 2)",0.0,0.0,0.0
8,83,"(6, 0)",0.0,0.0,0.0
8,84,"(5, 0)",0.0,0.0,0.0
8,85,"(9, 1)",0.0,0.0,0.0
8,86,"(7, 2)",0.0,0.0,0.0
8,87,"(2, 3)",0.0,0.0,0.0
8,88,"(3, 0)",0.0,0.0,0.0
8,89,"(9, 4)",0.0,0.0,0.0
8,90,"(8, 0)",0.0,0.0,0.0
8,91,"(0, 0)",0.0,0.0,0.0
8,92,"(9, 4)",0.0,0.0,0.0
8,93,"(9, 3)",0.0,0.0,0.0
8,94,"(5, 0)",0.0,0.0,0.0
8,95,"(6, 0)",0.0,0.0,0.0
8,96,"(7, 2)",0.0,0.0,0.0
8,97,"(3, 3)",0.0,0.0,0.0
8,98,"(6, 1)",0.0,0.0,0.0
8,99,"(1, 3)",0.0,0.0,0.0
8,100,"(8, 0)",0.0,0.0,0.0
8,101,"(4, 3)",0.0,0.0,0.0
8,102,"(4, 0)",0.0,0.0,0.0
8,103,"(3, 4)",0.0,0.0,0.0
8,104,"(9, 2)",0.0,0.0,0.0
8,105,"(2, 1)",0.0,0.0,0.0
8,106,"(4, 0)",0.0,0.0,0.0
8,107,"(6, 2)",0.0,0.0,0.0
8,108,"(9, 3)",0.0,0.0,0.0
8,109,"(1, 4)",0.0,0.0,0.0
8,110,"(6, 3)",0.0,0.0,0.0
8,111,"(6, 3)",0.0,0.0,0.0
8,112,"(2, 4)",0.0,0.0,0.0
8,113,"(2, 4)",0.0,0.0,0.0
8,114,"(4, 0)",0.0,0.0,0.0
8,115,"(7, 4)",0.0,0.0,0.0
8,116,"(8, 1)",0.0,0.0,0.0
8,117,"(1, 2)",0.0,0.0,0.0
8,118,"(9, 3)",0.0,0.0,0.0
8,119,"(2, 2)",0.0,0.0,0.0
8,120,"(6, 3)",0.0,0.0,0.0
8,121,"(9, 3)",0.0,0.0,0.0
8,122,"(9, 2)",0.0,0.0,0.0
8,123,"(4, 0)",0.0,0.0,0.0
8,124,"(6, 4)",0.0,0.0,0.0
8,125,"(5, 1)",0.0,0.0,0.0
8,126,"(3, 0)",0.0,0.0,0.0
8,127,"(8, 1)",0.0,0.0,0.0
8,128,"(8, 1)",0.0,0.0,0.0
8,129,"(6, 0)",0.0,0.0,0.0
8,130,"(5, 0)",0.0,0.0,0.0
8,131,"(5, 2)",0.0,0.0,0.0
8,132,"(9, 3)",0.0,0.0,0.0
8,133,"(5, 0)",0.0,0.0,0.0
8,134,"(6, 2)",0.0,0.0,0.0
8,135,"(3, 1)",0.0,0.0,0.0
8,136,"(8, 1)",0.0,0.0,0.0
8,137,"(3, 4)",0.0,0.0,0.0
8,138,"(6, 2)",0.0,0.0,0.0
8,139,"(1, 1)",0.0,0.0,0.0
8,140,"(3, 4)",0.0,0.0,0.0
8,141,"(1, 1)",0.0,0.0,0.0
8,142,"(7, 3)",0.0,0.0,0.0
8,143,"(9, 3)",0.0,0.0,0.0
8,144,"(5, 2)",0.0,0.0,0.0
8,145,"(5, 2)",0.0,0.0,0.0
8,146,"(3, 0)",0.0,0.0,0.0
8,147,"(1, 0)",0.0,0.0,0.0
8,148,"(2, 3)",0.0,0.0,0.0
8,149,"(9, 4)",0.0,0.0,0.0
8,150,"(5, 0)",0.0,0.0,0.0
8,151,"(1, 0)",0.0,0.0,0.0
8,152,"(5, 2)",0.0,0.0,0.0
8,153,"(8, 4)",0.0,0.0,0.0
8,154,"(3, 1)",0.0,0.0,0.0
8,155,"(4, 4)",0.0,0.0,0.0
8,156,"(0, 4)",0.0,0.0,0.0
8,157,"(0, 1)",0.0,0.0,0.0
8,158,"(3, 0)",0.0,0.0,0.0
8,159,"(4, 0)",0.0,0.0,0.0
8,160,"(5, 3)",0.0,0.0,0.0
8,161,"(8, 2)",0.0,0.0,0.0
8,162,"(3, 1)",0.0,0.0,0.0
8,163,"(3, 4)",0.0,0.0,0.0
8,164,"(6, 2)",0.0,0.0,0.0
8,165,"(4, 0)",0.0,0.0,0.0
8,166,"(2, 3)",0.0,0.0,0.0
8,167,"(9, 1)",0.0,0.0,0.0
8,168,"(0, 4)",0.0,0.0,0.0
8,169,"(0, 1)",0.0,0.0,0.0
8,170,"(2, 1)",0.0,0.0,0.0
8,171,"(0, 2)",0.0,0.0,0.0
8,172,"(5, 1)",0.0,0.0,0.0
8,173,"(8, 0)",0.0,0.0,0.0
8,174,"(7, 0)",0.0,0.0,0.0
8,175,"(0, 2)",0.0,0.0,0.0
8,176,"(8, 1)",0.0,0.0,0.0
8,177,"(1, 3)",0.0,0.0,0.0
8,178,"(1, 3)",0.0,0.0,0.0
8,179,"(2, 1)",0.0,0.0,0.0
8,180,"(8, 0)",0.0,0.0,0.0
8,181,"(7, 4)",0.0,0.0,0.0
8,182,"(6, 0)",0.0,0.0,0.0
8,183,"(0, 4)",0.0,0.0,0.0
8,184,"(6, 3)",0.0,0.0,0.0
8,185,"(3, 1)",0.0,0.0,0.0
8,186,"(5, 2)",0.0,0.0,0.0
8,187,"(5, 0)",0.0,0.0,0.0
8,188,"(2, 4)",0.0,0.0,0.0
8,189,"(8, 1)",0.0,0.0,0.0
8,190,"(8, 1)",0.0,0.0,0.0
8,191,"(5, 3)",0.0,0.0,0.0
8,192,"(6, 0)",0.0,0.0,0.0
8,193,"(4, 2)",0.0,0.0,0.0
8,194,"(2, 4)",0.0,0.0,0.0
8,195,"(9, 4)",0.0,0.0,0.0
8,196,"(8, 4)",0.0,0.0,0.0
8,197,"(0, 1)",0.0,0.0,0.0
8,198,"(9, 4)",0.0,0.0,0.0
8,199,"(8, 2)",0.0,0.0,0.0
8,200,"(9, 1)",0.0,0.0,0.0
8,201,"(8, 1)",0.0,0.0,0.0
8,202,"(8, 1)",0.0,0.0,0.0
8,203,"(8, 3)",0.0,0.0,0.0
8,204,"(0, 4)",0.0,0.0,0.0
8,205,"(9, 2)",0.0,0.0,0.0
8,206,"(9, 0)",0.0,0.0,0.0
8,207,"(5, 3)",0.0,0.0,0.0
8,208,"(1, 4)",0.0,0.0,0.0
8,209,"(8, 0)",0.0,0.0,0.0
8,210,"(2, 0)",0.0,0.0,0.0
8,211,"(2, 4)",0.0,0.0,0.0
8,212,"(0, 1)",0.0,0.0,0.0
8,213,"(2, 3)",0.0,0.0,0.0
8,214,"(9, 2)",0.0,0.0,0.0
8,215,"(1, 1)",0.0,0.0,0.0
8,216,"(9, 2)",0.0,0.0,0.0
8,217,"(5, 2)",0.0,0.0,0.0
8,218,"(2, 1)",0.0,0.0,0.0
8,219,"(2, 0)",0.0,0.0,0.0
8,220,"(2, 4)",0.0,0.0,0.0
8,221,"(9, 1)",0.0,0.0,0.0
8,222,"(1, 2)",0.0,0.0,0.0
8,223,"(0, 4)",0.0,0.0,0.0
8,224,"(6, 3)",0.0,0.0,0.0
8,225,"(6, 0)",0.0,0.0,0.0
8,226,"(3, 0)",0.0,0.0,0.0
8,227,"(6, 4)",0.0,0.0,0.0
8,228,"(2, 2)",0.0,0.0,0.0
8,229,"(9, 1)",0.0,0.0,0.0
8,230,"(0, 3)",0.0,0.0,0.0
8,231,"(5, 3)",0.0,0.0,0.0
8,232,"(6, 4)",0.0,0.0,0.0
8,233,"(5, 2)",0.0,0.0,0.0
8,234,"(9, 0)",0.0,0.0,0.0
8,235,"(4, 0)",0.0,0.0,0.0
8,236,"(2, 3)",0.0,0.0,0.0
8,237,"(2, 0)",0.0,0.0,0.0
8,238,"(4, 0)",0.0,0.0,0.0
8,239,"(9, 4)",0.0,0.0,0.0
8,240,"(9, 2)",0.0,0.0,0.0
8,241,"(2, 0)",0.0,0.0,0.0
8,242,"(2, 1)",0.0,0.0,0.0
8,243,"(6, 2)",0.0,0.0,0.0
8,244,"(9, 4)",0.0,0.0,0.0
8,245,"(8, 4)",0.0,0.0,0.0
8,246,"(3, 0)",0.0,0.0,0.0
8,247,"(0, 0)",0.0,0.0,0.0
8,248,"(9, 4)",0.0,0.0,0.0
8,249,"(8, 0)",0.0,0.0,0.0
8,250,"(0, 0)",0.0,0.0,0.0
8,251,"(9, 1)",0.0,0.0,0.0
8,252,"(6, 2)",0.0,0.0,0.0
8,253,"(2, 0)",0.0,0.0,0.0
8,254,"(8, 2)",0.0,0.0,0.0
8,255,"(6, 0)",0.0,0.0,0.0
8,256,"(7, 0)",0.0,0.0,0.0
8,257,"(7, 2)",0.0,0.0,0.0
8,258,"(5, 1)",0.0,0.0,0.0
8,259,"(9, 3)",0.0,0.0,0.0
8,260,"(3, 4)",0.0,0.0,0.0
8,261,"(7, 2)",0.0,0.0,0.0
8,262,"(0, 0)",0.0,0.0,0.0
8,263,"(3, 2)",0.0,0.0,0.0
8,264,"(1, 3)",0.0,0.0,0.0
8,265,"(0, 3)",0.0,0.0,0.0
8,266,"(1, 2)",0.0,0.0,0.0
8,267,"(5, 4)",0.0,0.0,0.0
8,268,"(7, 2)",0.0,0.0,0.0
8,269,"(6, 0)",0.0,0.0,0.0
8,270,"(9, 4)",0.0,0.0,0.0
8,271,"(2, 0)",0.0,0.0,0.0
8,272,"(2, 0)",0.0,0.0,0.0
8,273,"(5, 2)",0.0,0.0,0.0
8,274,"(1, 2)",0.0,0.0,0.0
8,275,"(0, 4)",0.0,0.0,0.0
8,276,"(7, 3)",0.0,0.0,0.0
8,277,"(8, 0)",0.0,0.0,0.0
8,278,"(5, 3)",0.0,0.0,0.0
8,279,"(4, 1)",0.0,0.0,0.0
8,280,"(6, 2)",0.0,0.0,0.0
8,281,"(8, 1)",0.0,0.0,0.0
8,282,"(9, 1)",0.0,0.0,0.0
8,283,"(5, 4)",0.0,0.0,0.0
8,284,"(5, 1)",0.0,0.0,0.0
8,285,"(0, 2)",0.0,0.0,0.0
8,286,"(3, 0)",0.0,0.0,0.0
8,287,"(8, 2)",0.0,0.0,0.0
8,288,"(0, 2)",0.0,0.0,0.0
8,289,"(9, 3)",0.0,0.0,0.0
8,290,"(5, 3)",0.0,0.0,0.0
8,291,"(8, 4)",0.0,0.0,0.0
8,292,"(0, 2)",0.0,0.0,0.0
8,293,"(4, 0)",0.0,0.0,0.0
8,294,"(4, 0)",0.0,0.0,0.0
8,295,"(2, 3)",0.0,0.0,0.0
8,296,"(4, 1)",0.0,0.0,0.0
8,297,"(1, 1)",0.0,0.0,0.0
8,298,"(8, 1)",0.0,0.0,0.0
8,299,"(3, 4)",0.0,0.0,0.0
8,300,"(3, 3)",0.0,0.0,0.0
8,301,"(7, 3)",0.0,0.0,0.0
8,302,"(8, 2)",0.0,0.0,0.0
8,303,"(6, 3)",0.0,0.0,0.0
8,304,"(1, 4)",0.0,0.0,0.0
8,305,"(3, 0)",0.0,0.0,0.0
8,306,"(4, 4)",0.0,0.0,0.0
8,307,"(1, 4)",0.0,0.0,0.0
8,308,"(0, 2)",0.0,0.0,0.0
8,309,"(1, 2)",0.0,0.0,0.0
8,310,"(5, 4)",0.0,0.0,0.0
8,311,"(9, 4)",0.0,0.0,0.0
8,312,"(6, 2)",0.0,0.0,0.0
8,313,"(2, 3)",0.0,0.0,0.0
8,314,"(3, 0)",0.0,0.0,0.0
8,315,"(4, 4)",0.0,0.0,0.0
8,316,"(0, 1)",0.0,0.0,0.0
8,317,"(0, 0)",0.0,0.0,0.0
9,1,"(2, 2)",40000.0,60000.0,0.0
9,2,"(3, 0)",32000.0,8000.0,0.0
9,3,"(2, 0)",25600.0,6400.0,0.0
9,4,"(7, 3)",5120.0,20480.0,0.0
9,5,"(0, 1)",3072.0,2048.0,0.0
9,6,"(7, 0)",2457.6,614.4000000000001,0.0
9,7,"(8, 3)",491.52,1966.08,0.0
9,8,"(2, 4)",0.0,491.52,0.0
9,9,"(0, 1)",0.0,0.0,0.0
9,10,"(7, 2)",0.0,0.0,0.0
9,11,"(3, 0)",0.0,0.0,0.0
9,12,"(1, 3)",0.0,0.0,0.0
9,13,"(1, 2)",0.0,0.0,0.0
9,14,"(2, 2)",0.0,0.0,0.0
9,15,"(0, 2)",0.0,0.0,0.0
9,16,"(8, 3)",0.0,0.0,0.0
9,17,"(4, 3)",0.0,0.0,0.0
9,18,"(0, 1)",0.0,0.0,0.0
9,19,"(2, 0)",0.0,0.0,0.0
9,20,"(7, 2)",0.0,0.0,0.0
9,21,"(9, 3)",0.0,0.0,0.0
9,22,"(5, 2)",0.0,0.0,0.0
9,23,"(2, 4)",0.0,0.0,0.0
9,24,"(4, 4)",0.0,0.0,0.0
9,25,"(0, 2)",0.0,0.0,0.0
9,26,"(3, 0)",0.0,0.0,0.0
9,27,"(5, 1)",0.0,0.0,0.0
9,28,"(0, 3)",0.0,0.0,0.0
9,29,"(8, 1)",0.0,0.0,0.0
9,30,"(4, 3)",0.0,0.0,0.0
9,31,"(5, 4)",0.0,0.0,0.0
9,32,"(2, 2)",0.0,0.0,0.0
9,33,"(3, 3)",0.0,0.0,0.0
9,34,"(1, 1)",0.0,0.0,0.0
9,35,"(5, 0)",0.0,0.0,0.0
9,36,"(5, 1)",0.0,0.0,0.0
9,37,"(2, 3)",0.0,0.0,0.0
9,38,"(6, 4)",0.0,0.0,0.0
9,39,"(3, 3)",0.0,0.0,0.0
9,40,"(6, 4)",0.0,0.0,0.0
9,41,"(5, 2)",0.0,0.0,0.0
9,42,"(5, 4)",0.0,0.0,0.0
9,43,"(4, 3)",0.0,0.0,0.0
9,44,"(5, 4)",0.0,0.0,0.0
9,45,"(3, 0)",0.0,0.0,0.0
9,46,"(7, 0)",0.0,0.0,0.0
9,47,"(0, 4)",0.0,0.0,0.0
9,48,"(3, 0)",0.0,0.0,0.0
9,49,"(3, 2)",0.0,0.0,0.0
9,50,"(8, 4)",0.0,0.0,0.0
9,51,"(9, 4)",0.0,0.0,0.0
9,52,"(7, 4)",0.0,0.0,0.0
9,53,"(7, 2)",0.0,0.0,0.0
9,54,"(0, 3)",0.0,0.0,0.0
9,55,"(6, 0)",0.0,0.0,0.0
9,56,"(6, 0)",0.0,0.0,0.0
9,57,"(2, 2)",0.0,0.0,0.0
9,58,"(1, 1)",0.0,0.0,0.0
9,59,"(2, 3)",0.0,0.0,0.0
9,60,"(6, 2)",0.0,0.0,0.0
9,61,"(8, 2)",0.0,0.0,0.0
9,62,"(8, 2)",0.0,0.0,0.0
9,63,"(2, 4)",0.0,0.0,0.0
9,64,"(3, 2)",0.0,0.0,0.0
9,65,"(2, 2)",0.0,0.0,0.0
9,66,"(0, 3)",0.0,0.0,0.0
9,67,"(6, 2)",0.0,0.0,0.0
9,68,"(7, 4)",0.0,0.0,0.0
9,69,"(2, 4)",0.0,0.0,0.0
9,70,"(1, 0)",0.0,0.0,0.0
9,71,"(9, 3)",0.0,0.0,0.0
9,72,"(0, 2)",0.0,0.0,0.0
9,73,"(7, 0)",0.0,0.0,0.0
9,74,"(9, 3)",0.0,0.0,0.0
9,75,"(1, 4)",0.0,0.0,0.0
9,76,"(4, 1)",0.0,0.0,0.0
9,77,"(9, 4)",0.0,0.0,0.0
9,78,"(0, 4)",0.0,0.0,0.0
9,79,"(7, 0)",0.0,0.0,0.0
9,80,"(1, 2)",0.0,0.0,0.0
9,81,"(8, 4)",0.0,0.0,0.0
9,82,"(1, 0)",0.0,0.0,0.0
9,83,"(9, 2)",0.0,0.0,0.0
9,84,"(2, 1)",0.0,0.0,0.0
9,85,"(0, 1)",0.0,0.0,0.0
9,86,"(7, 0)",0.0,0.0,0.0
9,87,"(5, 2)",0.0,0.0,0.0
9,88,"(9, 2)",0.0,0.0,0.0
9,89,"(2, 2)",0.0,0.0,0.0
9,90,"(6, 0)",0.0,0.0,0.0
9,91,"(7, 0)",0.0,0.0,0.0
9,92,"(4, 1)",0.0,0.0,0.0
9,93,"(9, 4)",0.0,0.0,0.0
9,94,"(4, 2)",0.0,0.0,0.0
9,95,"(2, 0)",0.0,0.0,0.0
9,96,"(2, 4)",0.0,0.0,0.0
9,97,"(4, 4)",0.0,0.0,0.0
9,98,"(5, 0)",0.0,0.0,0.0
9,99,"(2, 0)",0.0,0.0,0.0
9,100,"(1, 3)",0.0,0.0,0.0
9,101,"(6, 3)",0.0,0.0,0.0
9,102,"(4, 2)",0.0,0.0,0.0
9,103,"(6, 1)",0.0,0.0,0.0
9,104,"(8, 1)",0.0,0.0,0.0
9,105,"(1, 2)",0.0,0.0,0.0
9,106,"(8, 4)",0.0,0.0,0.0
9,107,"(8, 0)",0.0,0.0,0.0
9,108,"(7, 2)",0.0,0.0,0.0
9,109,"(4, 1)",0.0,0.0,0.0
9,110,"(5, 2)",0.0,0.0,0.0
9,111,"(6, 2)",0.0,0.0,0.0
9,112,"(7, 1)",0.0,0.0,0.0
9,113,"(0, 0)",0.0,0.0,0.0
9,114,"(2, 3)",0.0,0.0,0.0
9,115,"(8, 3)",0.0,0.0,0.0
9,116,"(5, 2)",0.0,0.0,0.0
9,117,"(1, 3)",0.0,0.0,0.0
9,118,"(1, 0)",0.0,0.0,0.0
9,119,"(7, 2)",0.0,0.0,0.0
9,120,"(6, 2)",0.0,0.0,0.0
9,121,"(8, 1)",0.0,0.0,0.0
9,122,"(4, 3)",0.0,0.0,0.0
9,123,"(5, 3)",0.0,0.0,0.0
9,124,"(1, 2)",0.0,0.0,0.0
9,125,"(2, 2)",0.0,0.0,0.0
9,126,"(8, 1)",0.0,0.0,0.0
9,127,"(9, 1)",0.0,0.0,0.0
9,128,"(8, 4)",0.0,0.0,0.0
9,129,"(2, 2)",0.0,0.0,0.0
9,130,"(8, 0)",0.0,0.0,0.0
9,131,"(9, 0)",0.0,0.0,0.0
9,132,"(8, 1)",0.0,0.0,0.0
9,133,"(2, 1)",0.0,0.0,0.0
9,134,"(1, 0)",0.0,0.0,0.0
9,135,"(9, 0)",0.0,0.0,0.0
9,136,"(0, 2)",0.0,0.0,0.0
9,137,"(9, 4)",0.0,0.0,0.0
9,138,"(5, 4)",0.0,0.0,0.0
9,139,"(7, 3)",0.0,0.0,0.0
9,140,"(8, 0)",0.0,0.0,0.0
9,141,"(3, 4)",0.0,0.0,0.0
9,142,"(6, 3)",0.0,0.0,0.0
9,143,"(6, 4)",0.0,0.0,0.0
9,144,"(5, 3)",0.0,0.0,0.0
9,145,"(3, 3)",0.0,0.0,0.0
9,146,"(2, 0)",0.0,0.0,0.0
9,147,"(5, 2)",0.0,0.0,0.0
9,148,"(9, 3)",0.0,0.0,0.0
9,149,"(0, 3)",0.0,0.0,0.0
9,150,"(8, 3)",0.0,0.0,0.0
9,151,"(3, 4)",0.0,0.0,0.0
9,152,"(5, 0)",0.0,0.0,0.0
9,153,"(7, 0)",0.0,0.0,0.0
9,154,"(6, 4)",0.0,0.0,0.0
9,155,"(3, 3)",0.0,0.0,0.0
9,156,"(4, 3)",0.0,0.0,0.0
9,157,"(0, 1)",0.0,0.0,0.0
9,158,"(2, 1)",0.0,0.0,0.0
9,159,"(3, 3)",0.0,0.0,0.0
9,160,"(9, 0)",0.0,0.0,0.0
9,161,"(4, 4)",0.0,0.0,0.0
9,162,"(9, 1)",0.0,0.0,0.0
9,163,"(9, 0)",0.0,0.0,0.0
9,164,"(6, 4)",0.0,0.0,0.0
9,165,"(1, 1)",0.0,0.0,0.0
9,166,"(3, 3)",0.0,0.0,0.0
9,167,"(8, 3)",0.0,0.0,0.0
9,168,"(9, 4)",0.0,0.0,0.0
9,169,"(9, 4)",0.0,0.0,0.0
9,170,"(6, 3)",0.0,0.0,0.0
9,171,"(0, 1)",0.0,0.0,0.0
9,172,"(8, 2)",0.0,0.0,0.0
9,173,"(0, 3)",0.0,0.0,0.0
9,174,"(7, 2)",0.0,0.0,0.0
9,175,"(9, 3)",0.0,0.0,0.0
9,176,"(1, 1)",0.0,0.0,0.0
9,177,"(2, 0)",0.0,0.0,0.0
9,178,"(7, 3)",0.0,0.0,0.0
9,179,"(0, 0)",0.0,0.0,0.0
9,180,"(0, 0)",0.0,0.0,0.0
9,181,"(2, 1)",0.0,0.0,0.0
9,182,"(1, 3)",0.0,0.0,0.0
9,183,"(1, 2)",0.0,0.0,0.0
9,184,"(5, 4)",0.0,0.0,0.0
9,185,"(7, 3)",0.0,0.0,0.0
9,186,"(6, 4)",0.0,0.0,0.0
9,187,"(7, 4)",0.0,0.0,0.0
9,188,"(6, 4)",0.0,0.0,0.0
9,189,"(5, 3)",0.0,0.0,0.0
9,190,"(3, 2)",0.0,0.0,0.0
9,191,"(4, 1)",0.0,0.0,0.0
9,192,"(6, 2)",0.0,0.0,0.0
9,193,"(3, 1)",0.0,0.0,0.0
9,194,"(6, 2)",0.0,0.0,0.0
9,195,"(7, 2)",0.0,0.0,0.0
9,196,"(8, 0)",0.0,0.0,0.0
9,197,"(8, 4)",0.0,0.0,0.0
9,198,"(2, 4)",0.0,0.0,0.0
9,199,"(2, 1)",0.0,0.0,0.0
9,200,"(2, 0)",0.0,0.0,0.0
9,201,"(1, 4)",0.0,0.0,0.0
9,202,"(4, 4)",0.0,0.0,0.0
9,203,"(8, 1)",0.0,0.0,0.0
9,204,"(0, 1)",0.0,0.0,0.0
9,205,"(4, 0)",0.0,0.0,0.0
9,206,"(6, 2)",0.0,0.0,0.0
9,207,"(2, 1)",0.0,0.0,0.0
9,208,"(4, 4)",0.0,0.0,0.0
9,209,"(7, 0)",0.0,0.0,0.0
9,210,"(5, 3)",0.0,0.0,0.0
9,211,"(2, 0)",0.0,0.0,0.0
9,212,"(3, 4)",0.0,0.0,0.0
9,213,"(7, 1)",0.0,0.0,0.0
9,214,"(0, 2)",0.0,0.0,0.0
9,215,"(4, 2)",0.0,0.0,0.0
9,216,"(3, 2)",0.0,0.0,0.0
9,217,"(3, 0)",0.0,0.0,0.0
9,218,"(8, 0)",0.0,0.0,0.0
9,219,"(1, 3)",0.0,0.0,0.0
9,220,"(9, 0)",0.0,0.0,0.0
9,221,"(0, 3)",0.0,0.0,0.0
9,222,"(9, 0)",0.0,0.0,0.0
9,223,"(3, 0)",0.0,0.0,0.0
9,224,"(9, 0)",0.0,0.0,0.0
9,225,"(6, 1)",0.0,0.0,0.0
9,226,"(7, 1)",0.0,0.0,0.0
9,227,"(2, 1)",0.0,0.0,0.0
9,228,"(4, 4)",0.0,0.0,0.0
9,229,"(3, 1)",0.0,0.0,0.0
9,230,"(6, 2)",0.0,0.0,0.0
9,231,"(2, 4)",0.0,0.0,0.0
9,232,"(1, 0)",0.0,0.0,0.0
9,233,"(4, 0)",0.0,0.0,0.0
9,234,"(9, 1)",0.0,0.0,0.0
9,235,"(4, 1)",0.0,0.0,0.0
9,236,"(9, 4)",0.0,0.0,0.0
9,237,"(8, 3)",0.0,0.0,0.0
9,238,"(5, 4)",0.0,0.0,0.0
9,239,"(4, 1)",0.0,0.0,0.0
9,240,"(0, 3)",0.0,0.0,0.0
9,241,"(1, 1)",0.0,0.0,0.0
9,242,"(0, 4)",0.0,0.0,0.0
9,243,"(8, 2)",0.0,0.0,0.0
9,244,"(5, 0)",0.0,0.0,0.0
9,245,"(8, 4)",0.0,0.0,0.0
9,246,"(1, 2)",0.0,0.0,0.0
9,247,"(6, 0)",0.0,0.0,0.0
9,248,"(1, 4)",0.0,0.0,0.0
9,249,"(9, 0)",0.0,0.0,0.0
9,250,"(4, 2)",0.0,0.0,0.0
9,251,"(8, 2)",0.0,0.0,0.0
9,252,"(0, 4)",0.0,0.0,0.0
9,253,"(5, 4)",0.0,0.0,0.0
9,254,"(0, 2)",0.0,0.0,0.0
9,255,"(8, 1)",0.0,0.0,0.0
9,256,"(0, 1)",0.0,0.0,0.0
9,257,"(4, 1)",0.0,0.0,0.0
9,258,"(1, 1)",0.0,0.0,0.0
9,259,"(0, 3)",0.0,0.0,0.0
9,260,"(5, 1)",0.0,0.0,0.0
9,261,"(2, 0)",0.0,0.0,0.0
9,262,"(0, 4)",0.0,0.0,0.0
9,263,"(0, 2)",0.0,0.0,0.0
9,264,"(5, 0)",0.0,0.0,0.0
9,265,"(9, 3)",0.0,0.0,0.0
9,266,"(9, 3)",0.0,0.0,0.0
9,267,"(5, 0)",0.0,0.0,0.0
9,268,"(0, 3)",0.0,0.0,0.0
9,269,"(7, 0)",0.0,0.0,0.0
9,270,"(4, 1)",0.0,0.0,0.0
9,271,"(7, 1)",0.0,0.0,0.0
9,272,"(9, 1)",0.0,0.0,0.0
9,273,"(3, 1)",0.0,0.0,0.0
9,274,"(4, 0)",0.0,0.0,0.0
9,275,"(1, 0)",0.0,0.0,0.0
9,276,"(5, 3)",0.0,0.0,0.0
9,277,"(5, 3)",0.0,0.0,0.0
9,278,"(9, 1)",0.0,0.0,0.0
9,279,"(4, 4)",0.0,0.0,0.0
9,280,"(9, 4)",0.0,0.0,0.0
9,281,"(4, 4)",0.0,0.0,0.0
9,282,"(3, 3)",0.0,0.0,0.0
9,283,"(2, 4)",0.0,0.0,0.0
9,284,"(9, 3)",0.0,0.0,0.0
9,285,"(7, 1)",0.0,0.0,0.0
9,286,"(3, 2)",0.0,0.0,0.0
9,287,"(0, 1)",0.0,0.0,0.0
9,288,"(6, 2)",0.0,0.0,0.0
9,289,"(0, 3)",0.0,0.0,0.0
9,290,"(1, 0)",0.0,0.0,0.0
9,291,"(0, 1)",0.0,0.0,0.0
9,292,"(3, 3)",0.0,0.0,0.0
9,293,"(5, 2)",0.0,0.0,0.0
9,294,"(1, 1)",0.0,0.0,0.0
9,295,"(1, 1)",0.0,0.0,0.0
9,296,"(6, 1)",0.0,0.0,0.0
9,297,"(4, 2)",0.0,0.0,0.0
9,298,"(4, 4)",0.0,0.0,0.0
9,299,"(9, 3)",0.0,0.0,0.0
9,300,"(3, 4)",0.0,0.0,0.0
9,301,"(8, 2)",0.0,0.0,0.0
9,302,"(4, 0)",0.0,0.0,0.0
9,303,"(1, 2)",0.0,0.0,0.0
9,304,"(2, 1)",0.0,0.0,0.0
9,305,"(9, 0)",0.0,0.0,0.0
9,306,"(5, 0)",0.0,0.0,0.0
9,307,"(0, 3)",0.0,0.0,0.0
9,308,"(4, 3)",0.0,0.0,0.0
9,309,"(7, 0)",0.0,0.0,0.0
9,310,"(2, 1)",0.0,0.0,0.0
9,311,"(5, 4)",0.0,0.0,0.0
9,312,"(9, 1)",0.0,0.0,0.0
9,313,"(9, 2)",0.0,0.0,0.0
9,314,"(5, 0)",0.0,0.0,0.0
9,315,"(6, 1)",0.0,0.0,0.0
9,316,"(2, 0)",0.0,0.0,0.0
9,317,"(5, 3)",0.0,0.0,0.0
10,1,"(4, 2)",40000.0,60000.0,0.0
10,2,"(5, 0)",32000.0,8000.0,0.0
10,3,"(2, 4)",0.0,32000.0,0.0
10,4,"(6, 0)",0.0,0.0,0.0
10,5,"(8, 2)",0.0,0.0,0.0
10,6,"(5, 4)",0.0,0.0,0.0
10,7,"(6, 2)",0.0,0.0,0.0
10,8,"(3, 0)",0.0,0.0,0.0
10,9,"(9, 1)",0.0,0.0,0.0
10,10,"(5, 1)",0.0,0.0,0.0
10,11,"(7, 2)",0.0,0.0,0.0
10,12,"(1, 1)",0.0,0.0,0.0
10,13,"(2, 2)",0.0,0.0,0.0
10,14,"(8, 4)",0.0,0.0,0.0
10,15,"(4, 1)",0.0,0.0,0.0
10,16,"(8, 3)",0.0,0.0,0.0
10,17,"(2, 0)",0.0,0.0,0.0
10,18,"(5, 1)",0.0,0.0,0.0
10,19,"(5, 3)",0.0,0.0,0.0
10,20,"(3, 4)",0.0,0.0,0.0
10,21,"(1, 4)",0.0,0.0,0.0
10,22,"(5, 1)",0.0,0.0,0.0
10,23,"(4, 1)",0.0,0.0,0.0
10,24,"(6, 4)",0.0,0.0,0.0
10,25,"(7, 3)",0.0,0.0,0.0
10,26,"(6, 0)",0.0,0.0,0.0
10,27,"(2, 1)",0.0,0.0,0.0
10,28,"(3, 1)",0.0,0.0,0.0
10,29,"(2, 2)",0.0,0.0,0.0
10,30,"(7, 4)",0.0,0.0,0.0
10,31,"(6, 4)",0.0,0.0,0.0
10,32,"(2, 4)",0.0,0.0,0.0
10,33,"(1, 1)",0.0,0.0,0.0
10,34,"(1, 3)",0.0,0.0,0.0
10,35,"(0, 1)",0.0,0.0,0.0
10,36,"(7, 0)",0.0,0.0,0.0
10,37,"(6, 0)",0.0,0.0,0.0
10,38,"(6, 3)",0.0,0.0,0.0
10,39,"(3, 2)",0.0,0.0,0.0
10,40,"(9, 2)",0.0,0.0,0.0
10,41,"(3, 4)",0.0,0.0,0.0
10,42,"(7, 2)",0.0,0.0,0.0
10,43,"(0, 1)",0.0,0.0,0.0
10,44,"(2, 0)",0.0,0.0,0.0
10,45,"(6, 0)",0.0,0.0,0.0
10,46,"(7, 1)",0.0,0.0,0.0
10,47,"(9, 4)",0.0,0.0,0.0
10,48,"(0, 1)",0.0,0.0,0.0
10,49,"(5, 1)",0.0,0.0,0.0
10,50,"(2, 2)",0.0,0.0,0.0
10,51,"(6, 3)",0.0,0.0,0.0
10,52,"(2, 1)",0.0,0.0,0.0
10,53,"(4, 0)",0.0,0.0,0.0
10,54,"(6, 3)",0.0,0.0,0.0
10,55,"(4, 1)",0.0,0.0,0.0
10,56,"(1, 0)",0.0,0.0,0.0
10,57,"(1, 3)",0.0,0.0,0.0
10,58,"(3, 3)",0.0,0.0,0.0
10,59,"(2, 3)",0.0,0.0,0.0
10,60,"(1, 1)",0.0,0.0,0.0
10,61,"(1, 0)",0.0,0.0,0.0
10,62,"(6, 3)",0.0,0.0,0.0
10,63,"(6, 1)",0.0,0.0,0.0
10,64,"(3, 3)",0.0,0.0,0.0
10,65,"(8, 0)",0.0,0.0,0.0
10,66,"(3, 3)",0.0,0.0,0.0
10,67,"(8, 4)",0.0,0.0,0.0
10,68,"(5, 0)",0.0,0.0,0.0
10,69,"(4, 2)",0.0,0.0,0.0
10,70,"(3, 1)",0.0,0.0,0.0
10,71,"(0, 0)",0.0,0.0,0.0
10,72,"(8, 1)",0.0,0.0,0.0
10,73,"(9, 0)",0.0,0.0,0.0
10,74,"(7, 1)",0.0,0.0,0.0
10,75,"(4, 3)",0.0,0.0,0.0
10,76,"(4, 4)",0.0,0.0,0.0
10,77,"(8, 1)",0.0,0.0,0.0
10,78,"(3, 2)",0.0,0.0,0.0
10,79,"(1, 2)",0.0,0.0,0.0
10,80,"(9, 1)",0.0,0.0,0.0
10,81,"(8, 2)",0.0,0.0,0.0
10,82,"(5, 0)",0.0,0.0,0.0
10,83,"(0, 2)",0.0,0.0,0.0
10,84,"(4, 0)",0.0,0.0,0.0
10,85,"(8, 3)",0.0,0.0,0.0
10,86,"(9, 3)",0.0,0.0,0.0
10,87,"(3, 1)",0.0,0.0,0.0
10,88,"(6, 4)",0.0,0.0,0.0
10,89,"(6, 0)",0.0,0.0,0.0
10,90,"(1, 0)",0.0,0.0,0.0
10,91,"(9, 3)",0.0,0.0,0.0
10,92,"(3, 2)",0.0,0.0,0.0
10,93,"(8, 0)",0.0,0.0,0.0
10,94,"(3, 0)",0.0,0.0,0.0
10,95,"(4, 2)",0.0,0.0,0.0
10,96,"(7, 1)",0.0,0.0,0.0
10,97,"(5, 1)",0.0,0.0,0.0
10,98,"(2, 0)",0.0,0.0,0.0
10,99,"(3, 2)",0.0,0.0,0.0
10,100,"(2, 1)",0.0,0.0,0.0
10,101,"(6, 1)",0.0,0.0,0.0
10,102,"(5, 1)",0.0,0.0,0.0
10,103,"(9, 1)",0.0,0.0,0.0
10,104,"(6, 3)",0.0,0.0,0.0
10,105,"(8, 4)",0.0,0.0,0.0
10,106,"(8, 2)",0.0,0.0,0.0
10,107,"(5, 1)",0.0,0.0,0.0
10,108,"(9, 2)",0.0,0.0,0.0
10,109,"(4, 1)",0.0,0.0,0.0
10,110,"(8, 4)",0.0,0.0,0.0
10,111,"(2, 1)",0.0,0.0,0.0
10,112,"(2, 4)",0.0,0.0,0.0
10,113,"(7, 1)",0.0,0.0,0.0
10,114,"(1, 1)",0.0,0.0,0.0
10,115,"(3, 0)",0.0,0.0,0.0
10,116,"(0, 1)",0.0,0.0,0.0
10,117,"(4, 3)",0.0,0.0,0.0
10,118,"(2, 3)",0.0,0.0,0.0
10,119,"(9, 0)",0.0,0.0,0.0
10,120,"(5, 4)",0.0,0.0,0.0
10,121,"(0, 4)",0.0,0.0,0.0
10,122,"(4, 0)",0.0,0.0,0.0
10,123,"(2, 3)",0.0,0.0,0.0
10,124,"(2, 0)",0.0,0.0,0.0
10,125,"(1, 4)",0.0,0.0,0.0
10,126,"(6, 3)",0.0,0.0,0.0
10,127,"(0, 4)",0.0,0.0,0.0
10,128,"(1, 0)",0.0,0.0,0.0
10,129,"(8, 4)",0.0,0.0,0.0
10,130,"(5, 3)",0.0,0.0,0.0
10,131,"(4, 1)",0.0,0.0,0.0
10,132,"(0, 0)",0.0,0.0,0.0
10,133,"(2, 2)",0.0,0.0,0.0
10,134,"(7, 2)",0.0,0.0,0.0
10,135,"(7, 3)",0.0,0.0,0.0
10,136,"(9, 3)",0.0,0.0,0.0
10,137,"(2, 1)",0.0,0.0,0.0
10,138,"(6, 0)",0.0,0.0,0.0
10,139,"(9, 4)",0.0,0.0,0.0
10,140,"(9, 1)",0.0,0.0,0.0
10,141,"(7, 4)",0.0,0.0,0.0
10,142,"(2, 2)",0.0,0.0,0.0
10,143,"(2, 3)",0.0,0.0,0.0
10,144,"(0, 0)",0.0,0.0,0.0
10,145,"(0, 2)",0.0,0.0,0.0
10,146,"(8, 4)",0.0,0.0,0.0
10,147,"(4, 3)",0.0,0.0,0.0
10,148,"(2, 4)",0.0,0.0,0.0
10,149,"(5, 2)",0.0,0.0,0.0
10,150,"(5, 0)",0.0,0.0,0.0
10,151,"(7, 1)",0.0,0.0,0.0
10,152,"(9, 0)",0.0,0.0,0.0
10,153,"(6, 0)",0.0,0.0,0.0
10,154,"(1, 0)",0.0,0.0,0.0
10,155,"(0, 4)",0.0,0.0,0.0
10,156,"(4, 1)",0.0,0.0,0.0
10,157,"(4, 1)",0.0,0.0,0.0
10,158,"(6, 0)",0.0,0.0,0.0
10,159,"(1, 4)",0.0,0.0,0.0
10,160,"(9, 2)",0.0,0.0,0.0
10,161,"(1, 4)",0.0,0.0,0.0
10,162,"(1, 1)",0.0,0.0,0.0
10,163,"(0, 0)",0.0,0.0,0.0
10,164,"(3, 2)",0.0,0.0,0.0
10,165,"(5, 4)",0.0,0.0,0.0
10,166,"(1, 0)",0.0,0.0,0.0
10,167,"(2, 2)",0.0,0.0,0.0
10,168,"(3, 1)",0.0,0.0,0.0
10,169,"(6, 1)",0.0,0.0,0.0
10,170,"(4, 3)",0.0,0.0,0.0
10,171,"(0, 3)",0.0,0.0,0.0
10,172,"(6, 0)",0.0,0.0,0.0
10,173,"(3, 0)",0.0,0.0,0.0
10,174,"(5, 2)",0.0,0.0,0.0
10,175,"(0, 0)",0.0,0.0,0.0
10,176,"(8, 1)",0.0,0.0,0.0
10,177,"(3, 4)",0.0,0.0,0.0
10,178,"(6, 1)",0.0,0.0,0.0
10,179,"(9, 2)",0.0,0.0,0.0
10,180,"(4, 3)",0.0,0.0,0.0
10,181,"(1, 4)",0.0,0.0,0.0
10,182,"(3, 3)",0.0,0.0,0.0
10,183,"(0, 2)",0.0,0.0,0.0
10,184,"(2, 0)",0.0,0.0,0.0
10,185,"(5, 1)",0.0,0.0,0.0
10,186,"(7, 2)",0.0,0.0,0.0
10,187,"(8, 3)",0.0,0.0,0.0
10,188,"(0, 4)",0.0,0.0,0.0
10,189,"(2, 2)",0.0,0.0,0.0
10,190,"(6, 3)",0.0,0.0,0.0
10,191,"(3, 2)",0.0,0.0,0.0
10,192,"(5, 2)",0.0,0.0,0.0
10,193,"(4, 4)",0.0,0.0,0.0
10,194,"(2, 0)",0.0,0.0,0.0
10,195,"(7, 2)",0.0,0.0,0.0
10,196,"(0, 0)",0.0,0.0,0.0
10,197,"(9, 2)",0.0,0.0,0.0
10,198,"(0, 3)",0.0,0.0,0.0
10,199,"(7, 4)",0.0,0.0,0.0
10,200,"(8, 2)",0.0,0.0,0.0
10,201,"(0, 3)",0.0,0.0,0.0
10,202,"(1, 3)",0.0,0.0,0.0
10,203,"(9, 4)",0.0,0.0,0.0
10,204,"(7, 0)",0.0,0.0,0.0
10,205,"(0, 1)",0.0,0.0,0.0
10,206,"(3, 3)",0.0,0.0,0.0
10,207,"(0, 2)",0.0,0.0,0.0
10,208,"(8, 3)",0.0,0.0,0.0
10,209,"(4, 2)",0.0,0.0,0.0
10,210,"(0, 3)",0.0,0.0,0.0
10,211,"(6, 3)",0.0,0.0,0.0
10,212,"(4, 4)",0.0,0.0,0.0
10,213,"(0, 3)",0.0,0.0,0.0
10,214,"(1, 3)",0.0,0.0,0.0
10,215,"(0, 4)",0.0,0.0,0.0
10,216,"(2, 0)",0.0,0.0,0.0
10,217,"(7, 4)",0.0,0.0,0.0
10,218,"(8, 4)",0.0,0.0,0.0
10,219,"(9, 3)",0.0,0.0,0.0
10,220,"(5, 0)",0.0,0.0,0.0
10,221,"(3, 4)",0.0,0.0,0.0
10,222,"(8, 2)",0.0,0.0,0.0
10,223,"(3, 2)",0.0,0.0,0.0
10,224,"(3, 2)",0.0,0.0,0.0
10,225,"(4, 4)",0.0,0.0,0.0
10,226,"(5, 2)",0.0,0.0,0.0
10,227,"(7, 2)",0.0,0.0,0.0
10,228,"(6, 2)",0.0,0.0,0.0
10,229,"(9, 4)",0.0,0.0,0.0
10,230,"(5, 2)",0.0,0.0,0.0
10,231,"(6, 1)",0.0,0.0,0.0
10,232,"(5, 0)",0.0,0.0,0.0
10,233,"(9, 3)",0.0,0.0,0.0
10,234,"(3, 3)",0.0,0.0,0.0
10,235,"(7, 4)",0.0,0.0,0.0
10,236,"(1, 4)",0.0,0.0,0.0
10,237,"(4, 4)",0.0,0.0,0.0
10,238,"(8, 2)",0.0,0.0,0.0
10,239,"(4, 3)",0.0,0.0,0.0
10,240,"(6, 0)",0.0,0.0,0.0
10,241,"(4, 3)",0.0,0.0,0.0
10,242,"(4, 2)",0.0,0.0,0.0
10,243,"(9, 4)",0.0,0.0,0.0
10,244,"(8, 1)",0.0,0.0,0.0
10,245,"(1, 0)",0.0,0.0,0.0
10,246,"(5, 2)",0.0,0.0,0.0
10,247,"(9, 0)",0.0,0.0,0.0
10,248,"(5, 3)",0.0,0.0,0.0
10,249,"(6, 1)",0.0,0.0,0.0
10,250,"(5, 2)",0.0,0.0,0.0
10,251,"(3, 2)",0.0,0.0,0.0
10,252,"(5, 3)",0.0,0.0,0.0
10,253,"(6, 1)",0.0,0.0,0.0
10,254,"(4, 2)",0.0,0.0,0.0
10,255,"(9, 3)",0.0,0.0,0.0
10,256,"(0, 0)",0.0,0.0,0.0
10,257,"(7, 1)",0.0,0.0,0.0
10,258,"(5, 1)",0.0,0.0,0.0
10,259,"(0, 4)",0.0,0.0,0.0
10,260,"(7, 4)",0.0,0.0,0.0
10,261,"(0, 4)",0.0,0.0,0.0
10,262,"(1, 3)",0.0,0.0,0.0
10,263,"(4, 2)",0.0,0.0,0.0
10,264,"(9, 1)",0.0,0.0,0.0
10,265,"(2, 1)",0.0,0.0,0.0
10,266,"(0, 3)",0.0,0.0,0.0
10,267,"(3, 4)",0.0,0.0,0.0
10,268,"(9, 4)",0.0,0.0,0.0
10,269,"(2, 2)",0.0,0.0,0.0
10,270,"(8, 4)",0.0,0.0,0.0
10,271,"(4, 0)",0.0,0.0,0.0
10,272,"(9, 2)",0.0,0.0,0.0
10,273,"(0, 4)",0.0,0.0,0.0
10,274,"(1, 0)",0.0,0.0,0.0
10,275,"(0, 2)",0.0,0.0,0.0
10,276,"(2, 1)",0.0,0.0,0.0
10,277,"(8, 1)",0.0,0.0,0.0
10,278,"(8, 4)",0.0,0.0,0.0
10,279,"(7, 4)",0.0,0.0,0.0
10,280,"(0, 3)",0.0,0.0,0.0
10,281,"(8, 4)",0.0,0.0,0.0
10,282,"(0, 0)",0.0,0.0,0.0
10,283,"(6, 0)",0.0,0.0,0.0
10,284,"(6, 4)",0.0,0.0,0.0
10,285,"(3, 1)",0.0,0.0,0.0
10,286,"(3, 3)",0.0,0.0,0.0
10,287,"(7, 2)",0.0,0.0,0.0
10,288,"(1, 2)",0.0,0.0,0.0
10,289,"(7, 1)",0.0,0.0,0.0
10,290,"(5, 2)",0.0,0.0,0.0
10,291,"(3, 3)",0.0,0.0,0.0
10,292,"(3, 1)",0.0,0.0,0.0
10,293,"(3, 0)",0.0,0.0,0.0
10,294,"(9, 1)",0.0,0.0,0.0
10,295,"(4, 3)",0.0,0.0,0.0
10,296,"(8, 2)",0.0,0.0,0.0
10,297,"(2, 3)",0.0,0.0,0.0
10,298,"(2, 4)",0.0,0.0,0.0
10,299,"(3, 4)",0.0,0.0,0.0
10,300,"(7, 4)",0.0,0.0,0.0
10,301,"(4, 3)",0.0,0.0,0.0
10,302,"(4, 1)",0.0,0.0,0.0
10,303,"(0, 3)",0.0,0.0,0.0
10,304,"(5, 0)",0.0,0.0,0.0
10,305,"(5, 2)",0.0,0.0,0.0
10,306,"(2, 4)",0.0,0.0,0.0
10,307,"(0, 2)",0.0,0.0,0.0
10,308,"(9, 1)",0.0,0.0,0.0
10,309,"(1, 0)",0.0,0.0,0.0
10,310,"(7, 0)",0.0,0.0,0.0
10,311,"(1, 1)",0.0,0.0,0.0
10,312,"(0, 1)",0.0,0.0,0.0
10,313,"(4, 0)",0.0,0.0,0.0
10,314,"(5, 4)",0.0,0.0,0.0
10,315,"(4, 2)",0.0,0.0,0.0
10,316,"(3, 1)",0.0,0.0,0.0
10,317,"(2, 3)",0.0,0.0,0.0
